-- --------------------------------------------------------
-- Host:                         pusdiktan.id
-- Server version:               5.7.33-0ubuntu0.16.04.1-log - (Ubuntu)
-- Server OS:                    Linux
-- HeidiSQL Version:             12.1.0.6537
-- --------------------------------------------------------

/*!40101 SET @OLD_CHARACTER_SET_CLIENT=@@CHARACTER_SET_CLIENT */;
/*!40101 SET NAMES utf8 */;
/*!50503 SET NAMES utf8mb4 */;
/*!40103 SET @OLD_TIME_ZONE=@@TIME_ZONE */;
/*!40103 SET TIME_ZONE='+00:00' */;
/*!40014 SET @OLD_FOREIGN_KEY_CHECKS=@@FOREIGN_KEY_CHECKS, FOREIGN_KEY_CHECKS=0 */;
/*!40101 SET @OLD_SQL_MODE=@@SQL_MODE, SQL_MODE='NO_AUTO_VALUE_ON_ZERO' */;
/*!40111 SET @OLD_SQL_NOTES=@@SQL_NOTES, SQL_NOTES=0 */;

-- Dumping structure for table keuanganrab.activity_log
DROP TABLE IF EXISTS `activity_log`;
CREATE TABLE IF NOT EXISTS `activity_log` (
  `id_log` int(11) NOT NULL AUTO_INCREMENT,
  `id_user` int(11) NOT NULL,
  `activity` varchar(255) NOT NULL,
  `page_url` varchar(255) NOT NULL,
  `ip_address` varchar(50) NOT NULL,
  `activity_time` timestamp NOT NULL DEFAULT CURRENT_TIMESTAMP,
  PRIMARY KEY (`id_log`) USING BTREE,
  KEY `fk_activity_log__id_user` (`id_user`) USING BTREE,
  CONSTRAINT `activity_log_ibfk_1` FOREIGN KEY (`id_user`) REFERENCES `user` (`id_user`)
) ENGINE=InnoDB AUTO_INCREMENT=17 DEFAULT CHARSET=utf8;

-- Dumping data for table keuanganrab.activity_log: ~8 rows (approximately)
REPLACE INTO `activity_log` (`id_log`, `id_user`, `activity`, `page_url`, `ip_address`, `activity_time`) VALUES
	(1, 1, 'LOGIN', 'https://dev.pusdiktan.id/index.php', '180.248.33.210', '2022-11-23 05:12:47'),
	(2, 1, 'LOGIN', 'https://dev.pusdiktan.id/index.php', '180.248.33.210', '2022-11-23 05:13:57'),
	(3, 1, 'LOGIN', 'https://dev.pusdiktan.id/index.php', '180.248.33.210', '2022-11-23 05:22:08'),
	(4, 1, 'LOGIN', 'https://dev.pusdiktan.id/index.php', '202.80.218.66', '2022-11-23 12:22:39'),
	(5, 1, 'LOGIN', 'https://dev.pusdiktan.id/index.php', '125.163.142.40', '2022-11-24 04:05:13'),
	(6, 1, 'LOGIN', 'https://dev.pusdiktan.id/index.php', '125.163.142.40', '2022-11-24 04:05:24'),
	(7, 1, 'LOGIN', 'https://dev.pusdiktan.id/index.php', '125.163.142.40', '2022-11-24 04:30:36'),
	(8, 1, 'LOGIN', 'https://dev.pusdiktan.id/index.php', '180.248.23.147', '2022-11-24 04:33:03'),
	(9, 1, 'LOGIN', 'https://dev.pusdiktan.id/index.php', '125.163.142.40', '2022-11-24 06:49:11'),
	(10, 1, 'LOGIN', 'https://dev.pusdiktan.id/index.php', '180.248.23.147', '2022-11-24 06:58:46'),
	(11, 1, 'LOGIN', 'https://dev.pusdiktan.id/index.php', '123.253.232.233', '2022-11-24 11:07:24'),
	(12, 1, 'LOGIN', 'https://dev.pusdiktan.id/index.php', '125.163.142.40', '2022-11-25 00:49:12'),
	(13, 1, 'LOGIN', 'https://dev.pusdiktan.id/index.php', '125.163.142.40', '2022-11-25 01:04:16'),
	(14, 1, 'LOGIN', 'https://dev.pusdiktan.id/index.php', '125.163.142.40', '2022-11-25 01:06:46'),
	(15, 1, 'LOGIN', 'https://dev.pusdiktan.id/index.php', '125.163.142.40', '2022-11-25 02:50:00'),
	(16, 1, 'LOGIN', 'https://dev.pusdiktan.id/index.php', '125.163.142.40', '2022-11-25 03:02:15');

-- Dumping structure for table keuanganrab.akses_group_modul
DROP TABLE IF EXISTS `akses_group_modul`;
CREATE TABLE IF NOT EXISTS `akses_group_modul` (
  `id_group` int(11) NOT NULL,
  `nama_modul` varchar(20) NOT NULL,
  `hak_akses` enum('access','deny') NOT NULL DEFAULT 'access',
  PRIMARY KEY (`id_group`,`nama_modul`,`hak_akses`) USING BTREE,
  KEY `FK_akses_group_modul_modul_sistem` (`nama_modul`),
  CONSTRAINT `FK_akses_group_modul_modul_sistem` FOREIGN KEY (`nama_modul`) REFERENCES `modul_sistem` (`nama_modul`) ON UPDATE CASCADE,
  CONSTRAINT `FK_akses_group_modul_user_group` FOREIGN KEY (`id_group`) REFERENCES `user_group` (`id_group`) ON UPDATE CASCADE
) ENGINE=InnoDB DEFAULT CHARSET=utf8;

-- Dumping data for table keuanganrab.akses_group_modul: ~40 rows (approximately)
REPLACE INTO `akses_group_modul` (`id_group`, `nama_modul`, `hak_akses`) VALUES
	(2, 'approvalpencairan', 'access'),
	(1, 'bank', 'access'),
	(5, 'bank', 'access'),
	(1, 'barang', 'access'),
	(5, 'barang', 'access'),
	(1, 'coa', 'access'),
	(5, 'coa', 'access'),
	(1, 'costing', 'access'),
	(5, 'costing', 'access'),
	(1, 'hutang', 'access'),
	(5, 'hutang', 'access'),
	(1, 'index', 'access'),
	(2, 'index', 'access'),
	(3, 'index', 'access'),
	(4, 'index', 'access'),
	(5, 'index', 'access'),
	(6, 'index', 'access'),
	(1, 'jurnal', 'access'),
	(1, 'kasbank', 'access'),
	(5, 'kasbank', 'access'),
	(1, 'laporan', 'access'),
	(5, 'laporan', 'access'),
	(1, 'pelanggan', 'access'),
	(5, 'pelanggan', 'access'),
	(1, 'pemasok', 'access'),
	(5, 'pemasok', 'access'),
	(1, 'pembelian', 'access'),
	(5, 'pembelian', 'access'),
	(5, 'pencairan', 'access'),
	(1, 'penjualan', 'access'),
	(5, 'penjualan', 'access'),
	(3, 'persetujuan', 'access'),
	(1, 'piutang', 'access'),
	(5, 'piutang', 'access'),
	(6, 'rab', 'access'),
	(1, 'sales', 'access'),
	(1, 'setting', 'access'),
	(1, 'sistem', 'access'),
	(1, 'user', 'access'),
	(1, 'usergroup', 'access');

-- Dumping structure for table keuanganrab.app_sessions
DROP TABLE IF EXISTS `app_sessions`;
CREATE TABLE IF NOT EXISTS `app_sessions` (
  `id` varchar(128) NOT NULL,
  `ip_address` varchar(45) NOT NULL,
  `timestamp` int(10) unsigned NOT NULL DEFAULT '0',
  `data` blob NOT NULL,
  KEY `ci_sessions_timestamp` (`timestamp`) USING BTREE
) ENGINE=InnoDB DEFAULT CHARSET=utf8;

-- Dumping data for table keuanganrab.app_sessions: ~57 rows (approximately)
REPLACE INTO `app_sessions` (`id`, `ip_address`, `timestamp`, `data`) VALUES
	('fj963444rml0l0hq3rec1debf4lirl1c', '180.248.33.210', 1669180525, _binary 0x5f5f63695f6c6173745f726567656e65726174657c693a313636393138303332383b63617074636861776f72647c733a363a22203236323220223b616b756e5f7573657249647c733a313a2231223b616b756e5f757365726e616d657c733a363a227561646d696e223b616b756e5f656d61696c7c733a31353a2261646d696e40676d61696c2e636f6d223b616b756e5f69734163746976657c733a313a2231223b616b756e5f696d6167657c733a34333a222f7075626c69632f75706c6f6164732f757365722f757365725f3232303632363130353635392e6a706567223b616b756e5f7265616c4e616d657c733a31333a2241646d696e6973747261746f72223b616b756e5f696447726f75707c733a313a2231223b616b756e5f67726f75704465736372697074696f6e7c733a31333a2241646d696e6973747261746f72223b616b756e5f6e616d61496e7374616e73697c733a32323a224954534b205253542064722e20536f657072616f656e223b616b756e5f616c696173496e7374616e73697c733a343a224954534b223b616b756e5f74686e416e67676172616e7c733a393a22323032322d32303233223b),
	('30l5cjtivc8o6ii5i1hf21pkf3tupoh4', '180.248.33.210', 1669180452, _binary 0x5f5f63695f6c6173745f726567656e65726174657c693a313636393138303432363b63617074636861776f72647c733a363a22203334363520223b616b756e5f7573657249647c733a313a2231223b616b756e5f757365726e616d657c733a363a227561646d696e223b616b756e5f656d61696c7c733a31353a2261646d696e40676d61696c2e636f6d223b616b756e5f69734163746976657c733a313a2231223b616b756e5f696d6167657c733a34333a222f7075626c69632f75706c6f6164732f757365722f757365725f3232303632363130353635392e6a706567223b616b756e5f7265616c4e616d657c733a31333a2241646d696e6973747261746f72223b616b756e5f696447726f75707c733a313a2231223b616b756e5f67726f75704465736372697074696f6e7c733a31333a2241646d696e6973747261746f72223b616b756e5f6e616d61496e7374616e73697c733a32323a224954534b205253542064722e20536f657072616f656e223b616b756e5f616c696173496e7374616e73697c733a343a224954534b223b616b756e5f74686e416e67676172616e7c733a393a22323032322d32303233223b),
	('3cklsm9u7vd92qd5h2tb5a04grtp240p', '180.248.33.210', 1669180991, _binary 0x5f5f63695f6c6173745f726567656e65726174657c693a313636393138303739333b63617074636861776f72647c733a363a22203232393720223b616b756e5f7573657249647c733a313a2231223b616b756e5f757365726e616d657c733a363a227561646d696e223b616b756e5f656d61696c7c733a31353a2261646d696e40676d61696c2e636f6d223b616b756e5f69734163746976657c733a313a2231223b616b756e5f696d6167657c733a34333a222f7075626c69632f75706c6f6164732f757365722f757365725f3232303632363130353635392e6a706567223b616b756e5f7265616c4e616d657c733a31333a2241646d696e6973747261746f72223b616b756e5f696447726f75707c733a313a2231223b616b756e5f67726f75704465736372697074696f6e7c733a31333a2241646d696e6973747261746f72223b616b756e5f6e616d61496e7374616e73697c733a32323a224954534b205253542064722e20536f657072616f656e223b616b756e5f616c696173496e7374616e73697c733a343a224954534b223b616b756e5f74686e416e67676172616e7c733a393a22323032322d32303233223b747275657c733a32363a224861707573206461746120626172616e6720626572686173696c223b5f5f63695f766172737c613a313a7b733a343a2274727565223b733a333a226f6c64223b7d),
	('42a871lgflmi71j92gsubcf4bqj2a1mk', '180.248.33.210', 1669181454, _binary 0x5f5f63695f6c6173745f726567656e65726174657c693a313636393138313136333b63617074636861776f72647c733a363a22203236323220223b616b756e5f7573657249647c733a313a2231223b616b756e5f757365726e616d657c733a363a227561646d696e223b616b756e5f656d61696c7c733a31353a2261646d696e40676d61696c2e636f6d223b616b756e5f69734163746976657c733a313a2231223b616b756e5f696d6167657c733a34333a222f7075626c69632f75706c6f6164732f757365722f757365725f3232303632363130353635392e6a706567223b616b756e5f7265616c4e616d657c733a31333a2241646d696e6973747261746f72223b616b756e5f696447726f75707c733a313a2231223b616b756e5f67726f75704465736372697074696f6e7c733a31333a2241646d696e6973747261746f72223b616b756e5f6e616d61496e7374616e73697c733a32323a224954534b205253542064722e20536f657072616f656e223b616b756e5f616c696173496e7374616e73697c733a343a224954534b223b616b756e5f74686e416e67676172616e7c733a393a22323032322d32303233223b),
	('k6rbpu7epnifjmc346in91a0ta2don57', '180.248.33.210', 1669181475, _binary 0x5f5f63695f6c6173745f726567656e65726174657c693a313636393138313436353b63617074636861776f72647c733a363a22203236323220223b616b756e5f7573657249647c733a313a2231223b616b756e5f757365726e616d657c733a363a227561646d696e223b616b756e5f656d61696c7c733a31353a2261646d696e40676d61696c2e636f6d223b616b756e5f69734163746976657c733a313a2231223b616b756e5f696d6167657c733a34333a222f7075626c69632f75706c6f6164732f757365722f757365725f3232303632363130353635392e6a706567223b616b756e5f7265616c4e616d657c733a31333a2241646d696e6973747261746f72223b616b756e5f696447726f75707c733a313a2231223b616b756e5f67726f75704465736372697074696f6e7c733a31333a2241646d696e6973747261746f72223b616b756e5f6e616d61496e7374616e73697c733a32323a224954534b205253542064722e20536f657072616f656e223b616b756e5f616c696173496e7374616e73697c733a343a224954534b223b616b756e5f74686e416e67676172616e7c733a393a22323032322d32303233223b),
	('cqe892buktg3ei2c2ej8vg6iumjcbv5m', '207.46.13.237', 1669181599, _binary 0x5f5f63695f6c6173745f726567656e65726174657c693a313636393138313539393b),
	('ijjh8vq8m4b5055ed400olj7sf1c148n', '207.46.13.187', 1669181603, _binary 0x5f5f63695f6c6173745f726567656e65726174657c693a313636393138313630333b),
	('hc82uu5oakotlninl1b60su9b5hanq51', '207.46.13.187', 1669181603, _binary 0x5f5f63695f6c6173745f726567656e65726174657c693a313636393138313630333b),
	('ts4dbnpu6ks00rfb7n4d8l94o17oj9b4', '40.77.139.76', 1669181607, _binary 0x5f5f63695f6c6173745f726567656e65726174657c693a313636393138313630373b63617074636861776f72647c733a363a22203136323520223b),
	('9tards0lklkgloep90n1b1mquk80imst', '180.248.33.210', 1669185809, _binary 0x5f5f63695f6c6173745f726567656e65726174657c693a313636393138353830393b63617074636861776f72647c733a363a22203334363520223b616b756e5f7573657249647c733a313a2231223b616b756e5f757365726e616d657c733a363a227561646d696e223b616b756e5f656d61696c7c733a31353a2261646d696e40676d61696c2e636f6d223b616b756e5f69734163746976657c733a313a2231223b616b756e5f696d6167657c733a34333a222f7075626c69632f75706c6f6164732f757365722f757365725f3232303632363130353635392e6a706567223b616b756e5f7265616c4e616d657c733a31333a2241646d696e6973747261746f72223b616b756e5f696447726f75707c733a313a2231223b616b756e5f67726f75704465736372697074696f6e7c733a31333a2241646d696e6973747261746f72223b616b756e5f6e616d61496e7374616e73697c733a32323a224954534b205253542064722e20536f657072616f656e223b616b756e5f616c696173496e7374616e73697c733a343a224954534b223b616b756e5f74686e416e67676172616e7c733a393a22323032322d32303233223b),
	('q1qahofbvfsk48dnhkl2rlgsupo9476g', '205.185.121.69', 1669197227, _binary 0x5f5f63695f6c6173745f726567656e65726174657c693a313636393139373232373b),
	('sfocghlgl4k6g16jm8nqj1agh8bjgllv', '209.141.36.112', 1669197300, _binary 0x5f5f63695f6c6173745f726567656e65726174657c693a313636393139373330303b),
	('4150d3arcp2shgpkt20ce9j17gc4uaev', '209.141.36.112', 1669197300, _binary 0x5f5f63695f6c6173745f726567656e65726174657c693a313636393139373330303b),
	('gahqgpjn1sjgd411bv1ahmrftusgr7s8', '202.80.218.66', 1669206253, _binary 0x5f5f63695f6c6173745f726567656e65726174657c693a313636393230363134343b63617074636861776f72647c733a363a22203439313420223b616b756e5f7573657249647c733a313a2231223b616b756e5f757365726e616d657c733a363a227561646d696e223b616b756e5f656d61696c7c733a31353a2261646d696e40676d61696c2e636f6d223b616b756e5f69734163746976657c733a313a2231223b616b756e5f696d6167657c733a34333a222f7075626c69632f75706c6f6164732f757365722f757365725f3232303632363130353635392e6a706567223b616b756e5f7265616c4e616d657c733a31333a2241646d696e6973747261746f72223b616b756e5f696447726f75707c733a313a2231223b616b756e5f67726f75704465736372697074696f6e7c733a31333a2241646d696e6973747261746f72223b616b756e5f6e616d61496e7374616e73697c733a32323a224954534b205253542064722e20536f657072616f656e223b616b756e5f616c696173496e7374616e73697c733a343a224954534b223b616b756e5f74686e416e67676172616e7c733a393a22323032322d32303233223b),
	('2eqtc73pmirqq3bn1n9bk3d7iu2pnqle', '157.55.39.142', 1669207026, _binary 0x5f5f63695f6c6173745f726567656e65726174657c693a313636393230373032363b),
	('nhsnn19u7lf70p2vgfa5o5fclfhvs039', '207.46.13.237', 1669207028, _binary 0x5f5f63695f6c6173745f726567656e65726174657c693a313636393230373032383b),
	('f3rc7egvkdfltiql7m8fku3s2urjlmrq', '207.46.13.237', 1669237517, _binary 0x5f5f63695f6c6173745f726567656e65726174657c693a313636393233373531373b),
	('et8asb8vr001oopr2obi1vjo84nhve8g', '207.46.13.187', 1669237523, _binary 0x5f5f63695f6c6173745f726567656e65726174657c693a313636393233373532333b),
	('2uopgtjpfj84mcp8k5qs4ucc2p8u65cn', '207.46.13.187', 1669238106, _binary 0x5f5f63695f6c6173745f726567656e65726174657c693a313636393233383130363b),
	('lthavf0t8j7r2slndkrjtck3o4pqur6v', '125.163.142.40', 1669255254, _binary 0x5f5f63695f6c6173745f726567656e65726174657c693a313636393235353235333b63617074636861776f72647c733a363a22203334333620223b),
	('apci4mjbcuad141e363pq8n2jkvuv76t', '125.163.142.40', 1669262705, _binary 0x5f5f63695f6c6173745f726567656e65726174657c693a313636393236323730353b),
	('4dk26usr35die62qtcvr865tungitrli', '125.163.142.40', 1669262788, _binary 0x5f5f63695f6c6173745f726567656e65726174657c693a313636393236323730353b63617074636861776f72647c733a363a22203238393620223b616b756e5f7573657249647c733a313a2231223b616b756e5f757365726e616d657c733a363a227561646d696e223b616b756e5f656d61696c7c733a31353a2261646d696e40676d61696c2e636f6d223b616b756e5f69734163746976657c733a313a2231223b616b756e5f696d6167657c733a34333a222f7075626c69632f75706c6f6164732f757365722f757365725f3232303632363130353635392e6a706567223b616b756e5f7265616c4e616d657c733a31333a2241646d696e6973747261746f72223b616b756e5f696447726f75707c733a313a2231223b616b756e5f67726f75704465736372697074696f6e7c733a31333a2241646d696e6973747261746f72223b616b756e5f6e616d61496e7374616e73697c733a32323a224954534b205253542064722e20536f657072616f656e223b616b756e5f616c696173496e7374616e73697c733a343a224954534b223b616b756e5f74686e416e67676172616e7c733a393a22323032322d32303233223b),
	('e6ddk54eh0j1ka2kigeka1vvrp6bh20g', '125.163.142.40', 1669262769, _binary 0x5f5f63695f6c6173745f726567656e65726174657c693a313636393236323731363b63617074636861776f72647c733a363a22203232343620223b616b756e5f7573657249647c733a313a2231223b616b756e5f757365726e616d657c733a363a227561646d696e223b616b756e5f656d61696c7c733a31353a2261646d696e40676d61696c2e636f6d223b616b756e5f69734163746976657c733a313a2231223b616b756e5f696d6167657c733a34333a222f7075626c69632f75706c6f6164732f757365722f757365725f3232303632363130353635392e6a706567223b616b756e5f7265616c4e616d657c733a31333a2241646d696e6973747261746f72223b616b756e5f696447726f75707c733a313a2231223b616b756e5f67726f75704465736372697074696f6e7c733a31333a2241646d696e6973747261746f72223b616b756e5f6e616d61496e7374616e73697c733a32323a224954534b205253542064722e20536f657072616f656e223b616b756e5f616c696173496e7374616e73697c733a343a224954534b223b616b756e5f74686e416e67676172616e7c733a393a22323032322d32303233223b),
	('0idgkljh69k6lvlrql43qp9iv7jimlnr', '125.163.142.40', 1669263924, _binary 0x5f5f63695f6c6173745f726567656e65726174657c693a313636393236333931353b63617074636861776f72647c733a363a22203232343620223b616b756e5f7573657249647c733a313a2231223b616b756e5f757365726e616d657c733a363a227561646d696e223b616b756e5f656d61696c7c733a31353a2261646d696e40676d61696c2e636f6d223b616b756e5f69734163746976657c733a313a2231223b616b756e5f696d6167657c733a34333a222f7075626c69632f75706c6f6164732f757365722f757365725f3232303632363130353635392e6a706567223b616b756e5f7265616c4e616d657c733a31333a2241646d696e6973747261746f72223b616b756e5f696447726f75707c733a313a2231223b616b756e5f67726f75704465736372697074696f6e7c733a31333a2241646d696e6973747261746f72223b616b756e5f6e616d61496e7374616e73697c733a32323a224954534b205253542064722e20536f657072616f656e223b616b756e5f616c696173496e7374616e73697c733a343a224954534b223b616b756e5f74686e416e67676172616e7c733a393a22323032322d32303233223b),
	('qdrs5gae4duc0oae2f4lr966cido2626', '125.163.142.40', 1669264246, _binary 0x5f5f63695f6c6173745f726567656e65726174657c693a313636393236343232373b63617074636861776f72647c733a363a22203433313320223b616b756e5f7573657249647c733a313a2231223b616b756e5f757365726e616d657c733a363a227561646d696e223b616b756e5f656d61696c7c733a31353a2261646d696e40676d61696c2e636f6d223b616b756e5f69734163746976657c733a313a2231223b616b756e5f696d6167657c733a34333a222f7075626c69632f75706c6f6164732f757365722f757365725f3232303632363130353635392e6a706567223b616b756e5f7265616c4e616d657c733a31333a2241646d696e6973747261746f72223b616b756e5f696447726f75707c733a313a2231223b616b756e5f67726f75704465736372697074696f6e7c733a31333a2241646d696e6973747261746f72223b616b756e5f6e616d61496e7374616e73697c733a32323a224954534b205253542064722e20536f657072616f656e223b616b756e5f616c696173496e7374616e73697c733a343a224954534b223b616b756e5f74686e416e67676172616e7c733a393a22323032322d32303233223b),
	('77lk9vj1p2ekitl32tr562s01tmlbkoq', '180.248.23.147', 1669264671, _binary 0x5f5f63695f6c6173745f726567656e65726174657c693a313636393236343337333b63617074636861776f72647c733a363a22203435323720223b616b756e5f7573657249647c733a313a2231223b616b756e5f757365726e616d657c733a363a227561646d696e223b616b756e5f656d61696c7c733a31353a2261646d696e40676d61696c2e636f6d223b616b756e5f69734163746976657c733a313a2231223b616b756e5f696d6167657c733a34333a222f7075626c69632f75706c6f6164732f757365722f757365725f3232303632363130353635392e6a706567223b616b756e5f7265616c4e616d657c733a31333a2241646d696e6973747261746f72223b616b756e5f696447726f75707c733a313a2231223b616b756e5f67726f75704465736372697074696f6e7c733a31333a2241646d696e6973747261746f72223b616b756e5f6e616d61496e7374616e73697c733a32323a224954534b205253542064722e20536f657072616f656e223b616b756e5f616c696173496e7374616e73697c733a343a224954534b223b616b756e5f74686e416e67676172616e7c733a393a22323032322d32303233223b6e5f7472616e73616b73697c733a31343a224b4b323032323131323430303031223b),
	('b33gucg0hap61lb8dmebsuvlp065c7pm', '180.248.23.147', 1669264803, _binary 0x5f5f63695f6c6173745f726567656e65726174657c693a313636393236343730313b63617074636861776f72647c733a363a22203435323720223b616b756e5f7573657249647c733a313a2231223b616b756e5f757365726e616d657c733a363a227561646d696e223b616b756e5f656d61696c7c733a31353a2261646d696e40676d61696c2e636f6d223b616b756e5f69734163746976657c733a313a2231223b616b756e5f696d6167657c733a34333a222f7075626c69632f75706c6f6164732f757365722f757365725f3232303632363130353635392e6a706567223b616b756e5f7265616c4e616d657c733a31333a2241646d696e6973747261746f72223b616b756e5f696447726f75707c733a313a2231223b616b756e5f67726f75704465736372697074696f6e7c733a31333a2241646d696e6973747261746f72223b616b756e5f6e616d61496e7374616e73697c733a32323a224954534b205253542064722e20536f657072616f656e223b616b756e5f616c696173496e7374616e73697c733a343a224954534b223b616b756e5f74686e416e67676172616e7c733a393a22323032322d32303233223b6e5f7472616e73616b73697c733a31343a224b4b323032323131323430303031223b),
	('vgdvjpjsv4gemr129466rbne0b69i3ko', '125.163.142.40', 1669272984, _binary 0x5f5f63695f6c6173745f726567656e65726174657c693a313636393237323439363b63617074636861776f72647c733a363a22203135333020223b616b756e5f7573657249647c733a313a2231223b616b756e5f757365726e616d657c733a363a227561646d696e223b616b756e5f656d61696c7c733a31353a2261646d696e40676d61696c2e636f6d223b616b756e5f69734163746976657c733a313a2231223b616b756e5f696d6167657c733a34333a222f7075626c69632f75706c6f6164732f757365722f757365725f3232303632363130353635392e6a706567223b616b756e5f7265616c4e616d657c733a31333a2241646d696e6973747261746f72223b616b756e5f696447726f75707c733a313a2231223b616b756e5f67726f75704465736372697074696f6e7c733a31333a2241646d696e6973747261746f72223b616b756e5f6e616d61496e7374616e73697c733a32323a224954534b205253542064722e20536f657072616f656e223b616b756e5f616c696173496e7374616e73697c733a343a224954534b223b616b756e5f74686e416e67676172616e7c733a393a22323032322d32303233223b),
	('9gv9ng54ck98d3a7i8akbtnkd6bqkgbq', '180.248.23.147', 1669272518, _binary 0x5f5f63695f6c6173745f726567656e65726174657c693a313636393237323531363b63617074636861776f72647c733a363a22203431343020223b),
	('6m49516vn5ud8g52qa0535gh1bs89hp8', '125.163.142.40', 1669273290, _binary 0x5f5f63695f6c6173745f726567656e65726174657c693a313636393237323939353b63617074636861776f72647c733a363a22203135333020223b616b756e5f7573657249647c733a313a2231223b616b756e5f757365726e616d657c733a363a227561646d696e223b616b756e5f656d61696c7c733a31353a2261646d696e40676d61696c2e636f6d223b616b756e5f69734163746976657c733a313a2231223b616b756e5f696d6167657c733a34333a222f7075626c69632f75706c6f6164732f757365722f757365725f3232303632363130353635392e6a706567223b616b756e5f7265616c4e616d657c733a31333a2241646d696e6973747261746f72223b616b756e5f696447726f75707c733a313a2231223b616b756e5f67726f75704465736372697074696f6e7c733a31333a2241646d696e6973747261746f72223b616b756e5f6e616d61496e7374616e73697c733a32323a224954534b205253542064722e20536f657072616f656e223b616b756e5f616c696173496e7374616e73697c733a343a224954534b223b616b756e5f74686e416e67676172616e7c733a393a22323032322d32303233223b6e5f7472616e73616b73697c733a31343a22474c323032323131323430303033223b6a5f7472616e73616b73697c733a363a2274616d626168223b),
	('gh6a4n27pshript853b2ca9hj8ht7086', '180.248.23.147', 1669273126, _binary 0x5f5f63695f6c6173745f726567656e65726174657c693a313636393237333132363b63617074636861776f72647c733a363a22203431343020223b616b756e5f7573657249647c733a313a2231223b616b756e5f757365726e616d657c733a363a227561646d696e223b616b756e5f656d61696c7c733a31353a2261646d696e40676d61696c2e636f6d223b616b756e5f69734163746976657c733a313a2231223b616b756e5f696d6167657c733a34333a222f7075626c69632f75706c6f6164732f757365722f757365725f3232303632363130353635392e6a706567223b616b756e5f7265616c4e616d657c733a31333a2241646d696e6973747261746f72223b616b756e5f696447726f75707c733a313a2231223b616b756e5f67726f75704465736372697074696f6e7c733a31333a2241646d696e6973747261746f72223b616b756e5f6e616d61496e7374616e73697c733a32323a224954534b205253542064722e20536f657072616f656e223b616b756e5f616c696173496e7374616e73697c733a343a224954534b223b616b756e5f74686e416e67676172616e7c733a393a22323032322d32303233223b),
	('1p5epknfmuu3gg254lc5fm4fb11hembt', '125.163.142.40', 1669273585, _binary 0x5f5f63695f6c6173745f726567656e65726174657c693a313636393237333331343b63617074636861776f72647c733a363a22203135333020223b616b756e5f7573657249647c733a313a2231223b616b756e5f757365726e616d657c733a363a227561646d696e223b616b756e5f656d61696c7c733a31353a2261646d696e40676d61696c2e636f6d223b616b756e5f69734163746976657c733a313a2231223b616b756e5f696d6167657c733a34333a222f7075626c69632f75706c6f6164732f757365722f757365725f3232303632363130353635392e6a706567223b616b756e5f7265616c4e616d657c733a31333a2241646d696e6973747261746f72223b616b756e5f696447726f75707c733a313a2231223b616b756e5f67726f75704465736372697074696f6e7c733a31333a2241646d696e6973747261746f72223b616b756e5f6e616d61496e7374616e73697c733a32323a224954534b205253542064722e20536f657072616f656e223b616b756e5f616c696173496e7374616e73697c733a343a224954534b223b616b756e5f74686e416e67676172616e7c733a393a22323032322d32303233223b6e5f7472616e73616b73697c733a31343a22474c323032323131323430303033223b6a5f7472616e73616b73697c733a363a2274616d626168223b),
	('n4im4r6psgcjhdqr5k7ba9ijf2qi6h67', '125.163.142.40', 1669273693, _binary 0x5f5f63695f6c6173745f726567656e65726174657c693a313636393237333633323b63617074636861776f72647c733a363a22203135333020223b616b756e5f7573657249647c733a313a2231223b616b756e5f757365726e616d657c733a363a227561646d696e223b616b756e5f656d61696c7c733a31353a2261646d696e40676d61696c2e636f6d223b616b756e5f69734163746976657c733a313a2231223b616b756e5f696d6167657c733a34333a222f7075626c69632f75706c6f6164732f757365722f757365725f3232303632363130353635392e6a706567223b616b756e5f7265616c4e616d657c733a31333a2241646d696e6973747261746f72223b616b756e5f696447726f75707c733a313a2231223b616b756e5f67726f75704465736372697074696f6e7c733a31333a2241646d696e6973747261746f72223b616b756e5f6e616d61496e7374616e73697c733a32323a224954534b205253542064722e20536f657072616f656e223b616b756e5f616c696173496e7374616e73697c733a343a224954534b223b616b756e5f74686e416e67676172616e7c733a393a22323032322d32303233223b6e5f7472616e73616b73697c733a31343a22474c323032323131323430303033223b6a5f7472616e73616b73697c733a363a2274616d626168223b),
	('odjgp55hd4r5ov3cl5tk9nul59a4l02v', '125.163.142.40', 1669274269, _binary 0x5f5f63695f6c6173745f726567656e65726174657c693a313636393237333937313b63617074636861776f72647c733a363a22203135333020223b616b756e5f7573657249647c733a313a2231223b616b756e5f757365726e616d657c733a363a227561646d696e223b616b756e5f656d61696c7c733a31353a2261646d696e40676d61696c2e636f6d223b616b756e5f69734163746976657c733a313a2231223b616b756e5f696d6167657c733a34333a222f7075626c69632f75706c6f6164732f757365722f757365725f3232303632363130353635392e6a706567223b616b756e5f7265616c4e616d657c733a31333a2241646d696e6973747261746f72223b616b756e5f696447726f75707c733a313a2231223b616b756e5f67726f75704465736372697074696f6e7c733a31333a2241646d696e6973747261746f72223b616b756e5f6e616d61496e7374616e73697c733a32323a224954534b205253542064722e20536f657072616f656e223b616b756e5f616c696173496e7374616e73697c733a343a224954534b223b616b756e5f74686e416e67676172616e7c733a393a22323032322d32303233223b6e5f7472616e73616b73697c733a31343a22474c323032323131323430303033223b6a5f7472616e73616b73697c733a363a2274616d626168223b),
	('1dg82s32ubvhvt53shmruqechl498prr', '125.163.142.40', 1669274277, _binary 0x5f5f63695f6c6173745f726567656e65726174657c693a313636393237343237363b63617074636861776f72647c733a363a22203135333020223b616b756e5f7573657249647c733a313a2231223b616b756e5f757365726e616d657c733a363a227561646d696e223b616b756e5f656d61696c7c733a31353a2261646d696e40676d61696c2e636f6d223b616b756e5f69734163746976657c733a313a2231223b616b756e5f696d6167657c733a34333a222f7075626c69632f75706c6f6164732f757365722f757365725f3232303632363130353635392e6a706567223b616b756e5f7265616c4e616d657c733a31333a2241646d696e6973747261746f72223b616b756e5f696447726f75707c733a313a2231223b616b756e5f67726f75704465736372697074696f6e7c733a31333a2241646d696e6973747261746f72223b616b756e5f6e616d61496e7374616e73697c733a32323a224954534b205253542064722e20536f657072616f656e223b616b756e5f616c696173496e7374616e73697c733a343a224954534b223b616b756e5f74686e416e67676172616e7c733a393a22323032322d32303233223b6e5f7472616e73616b73697c733a31343a22474c323032323131323430303033223b6a5f7472616e73616b73697c733a363a2274616d626168223b),
	('hat5s6oosm6ue5cquofao2ho9aut1ec7', '125.163.142.40', 1669274836, _binary 0x5f5f63695f6c6173745f726567656e65726174657c693a313636393237343833343b63617074636861776f72647c733a363a22203339393320223b),
	('gb82aicmu14f5kurftsapvohllqcasas', '182.4.133.58', 1669278905, _binary 0x5f5f63695f6c6173745f726567656e65726174657c693a313636393237383930353b63617074636861776f72647c733a363a22203133343820223b),
	('q0186pgslqu3d5re3n78il605aphk3d1', '123.253.232.233', 1669287736, _binary 0x5f5f63695f6c6173745f726567656e65726174657c693a313636393238373733363b63617074636861776f72647c733a363a22203138393320223b),
	('ja5ssd826kvafk5k2lnpe3l0ps275pkf', '123.253.232.233', 1669288307, _binary 0x5f5f63695f6c6173745f726567656e65726174657c693a313636393238383034343b63617074636861776f72647c733a363a22203138393320223b616b756e5f7573657249647c733a313a2231223b616b756e5f757365726e616d657c733a363a227561646d696e223b616b756e5f656d61696c7c733a31353a2261646d696e40676d61696c2e636f6d223b616b756e5f69734163746976657c733a313a2231223b616b756e5f696d6167657c733a34333a222f7075626c69632f75706c6f6164732f757365722f757365725f3232303632363130353635392e6a706567223b616b756e5f7265616c4e616d657c733a31333a2241646d696e6973747261746f72223b616b756e5f696447726f75707c733a313a2231223b616b756e5f67726f75704465736372697074696f6e7c733a31333a2241646d696e6973747261746f72223b616b756e5f6e616d61496e7374616e73697c733a32323a224954534b205253542064722e20536f657072616f656e223b616b756e5f616c696173496e7374616e73697c733a343a224954534b223b616b756e5f74686e416e67676172616e7c733a393a22323032322d32303233223b),
	('mt1kj5dr6kgav3vs92pjccra2fmm8og5', '123.253.232.233', 1669288696, _binary 0x5f5f63695f6c6173745f726567656e65726174657c693a313636393238383432383b63617074636861776f72647c733a363a22203138393320223b616b756e5f7573657249647c733a313a2231223b616b756e5f757365726e616d657c733a363a227561646d696e223b616b756e5f656d61696c7c733a31353a2261646d696e40676d61696c2e636f6d223b616b756e5f69734163746976657c733a313a2231223b616b756e5f696d6167657c733a34333a222f7075626c69632f75706c6f6164732f757365722f757365725f3232303632363130353635392e6a706567223b616b756e5f7265616c4e616d657c733a31333a2241646d696e6973747261746f72223b616b756e5f696447726f75707c733a313a2231223b616b756e5f67726f75704465736372697074696f6e7c733a31333a2241646d696e6973747261746f72223b616b756e5f6e616d61496e7374616e73697c733a32323a224954534b205253542064722e20536f657072616f656e223b616b756e5f616c696173496e7374616e73697c733a343a224954534b223b616b756e5f74686e416e67676172616e7c733a393a22323032322d32303233223b),
	('cfp8ofccschvtcmvr80pr7lh367601ds', '123.253.232.233', 1669288813, _binary 0x5f5f63695f6c6173745f726567656e65726174657c693a313636393238383733383b63617074636861776f72647c733a363a22203138393320223b616b756e5f7573657249647c733a313a2231223b616b756e5f757365726e616d657c733a363a227561646d696e223b616b756e5f656d61696c7c733a31353a2261646d696e40676d61696c2e636f6d223b616b756e5f69734163746976657c733a313a2231223b616b756e5f696d6167657c733a34333a222f7075626c69632f75706c6f6164732f757365722f757365725f3232303632363130353635392e6a706567223b616b756e5f7265616c4e616d657c733a31333a2241646d696e6973747261746f72223b616b756e5f696447726f75707c733a313a2231223b616b756e5f67726f75704465736372697074696f6e7c733a31333a2241646d696e6973747261746f72223b616b756e5f6e616d61496e7374616e73697c733a32323a224954534b205253542064722e20536f657072616f656e223b616b756e5f616c696173496e7374616e73697c733a343a224954534b223b616b756e5f74686e416e67676172616e7c733a393a22323032322d32303233223b),
	('o7lqa2c44l58j3lut27f5bcag08cmb3d', '94.23.133.43', 1669298414, _binary 0x5f5f63695f6c6173745f726567656e65726174657c693a313636393239383431343b),
	('4j9nbrfc3bqo1v3cjuudcdrupvbtq5bk', '94.23.133.43', 1669310018, _binary 0x5f5f63695f6c6173745f726567656e65726174657c693a313636393331303031383b),
	('fej9mqun321nkijkkh79u341lecu4nbp', '125.163.142.40', 1669336605, _binary 0x5f5f63695f6c6173745f726567656e65726174657c693a313636393333363630343b63617074636861776f72647c733a363a22203332303620223b),
	('mooga2f8cufifqjga6401dujjnrdqr1c', '125.163.142.40', 1669337554, _binary 0x5f5f63695f6c6173745f726567656e65726174657c693a313636393333373334353b63617074636861776f72647c733a363a22203233333920223b616b756e5f7573657249647c733a313a2231223b616b756e5f757365726e616d657c733a363a227561646d696e223b616b756e5f656d61696c7c733a31353a2261646d696e40676d61696c2e636f6d223b616b756e5f69734163746976657c733a313a2231223b616b756e5f696d6167657c733a34333a222f7075626c69632f75706c6f6164732f757365722f757365725f3232303632363130353635392e6a706567223b616b756e5f7265616c4e616d657c733a31333a2241646d696e6973747261746f72223b616b756e5f696447726f75707c733a313a2231223b616b756e5f67726f75704465736372697074696f6e7c733a31333a2241646d696e6973747261746f72223b616b756e5f6e616d61496e7374616e73697c733a32323a224954534b205253542064722e20536f657072616f656e223b616b756e5f616c696173496e7374616e73697c733a343a224954534b223b616b756e5f74686e416e67676172616e7c733a393a22323032322d32303233223b),
	('doaeitjru4n9ls8e7v7s4d0psgrpk0m1', '125.163.142.40', 1669338515, _binary 0x5f5f63695f6c6173745f726567656e65726174657c693a313636393333383233363b63617074636861776f72647c733a363a22203135333520223b616b756e5f7573657249647c733a313a2231223b616b756e5f757365726e616d657c733a363a227561646d696e223b616b756e5f656d61696c7c733a31353a2261646d696e40676d61696c2e636f6d223b616b756e5f69734163746976657c733a313a2231223b616b756e5f696d6167657c733a34333a222f7075626c69632f75706c6f6164732f757365722f757365725f3232303632363130353635392e6a706567223b616b756e5f7265616c4e616d657c733a31333a2241646d696e6973747261746f72223b616b756e5f696447726f75707c733a313a2231223b616b756e5f67726f75704465736372697074696f6e7c733a31333a2241646d696e6973747261746f72223b616b756e5f6e616d61496e7374616e73697c733a32323a224954534b205253542064722e20536f657072616f656e223b616b756e5f616c696173496e7374616e73697c733a343a224954534b223b616b756e5f74686e416e67676172616e7c733a393a22323032322d32303233223b6e5f7472616e73616b73697c733a31343a22474c323032323131323530303034223b6a5f7472616e73616b73697c733a363a2274616d626168223b),
	('n3s8tttg360qi1ff5eq9lsq1fbqtk5hi', '207.46.13.187', 1669338256, _binary 0x5f5f63695f6c6173745f726567656e65726174657c693a313636393333383235363b),
	('mktqpj8j23ln7t0dtto52s31ld3cgche', '125.163.142.40', 1669338421, _binary 0x5f5f63695f6c6173745f726567656e65726174657c693a313636393333383338393b63617074636861776f72647c733a363a22203130353120223b616b756e5f7573657249647c733a313a2231223b616b756e5f757365726e616d657c733a363a227561646d696e223b616b756e5f656d61696c7c733a31353a2261646d696e40676d61696c2e636f6d223b616b756e5f69734163746976657c733a313a2231223b616b756e5f696d6167657c733a34333a222f7075626c69632f75706c6f6164732f757365722f757365725f3232303632363130353635392e6a706567223b616b756e5f7265616c4e616d657c733a31333a2241646d696e6973747261746f72223b616b756e5f696447726f75707c733a313a2231223b616b756e5f67726f75704465736372697074696f6e7c733a31333a2241646d696e6973747261746f72223b616b756e5f6e616d61496e7374616e73697c733a32323a224954534b205253542064722e20536f657072616f656e223b616b756e5f616c696173496e7374616e73697c733a343a224954534b223b616b756e5f74686e416e67676172616e7c733a393a22323032322d32303233223b),
	('aijaonti4v50mmvelgqkfmbmb7dqpsvj', '125.163.142.40', 1669338850, _binary 0x5f5f63695f6c6173745f726567656e65726174657c693a313636393333383535383b63617074636861776f72647c733a363a22203135333520223b616b756e5f7573657249647c733a313a2231223b616b756e5f757365726e616d657c733a363a227561646d696e223b616b756e5f656d61696c7c733a31353a2261646d696e40676d61696c2e636f6d223b616b756e5f69734163746976657c733a313a2231223b616b756e5f696d6167657c733a34333a222f7075626c69632f75706c6f6164732f757365722f757365725f3232303632363130353635392e6a706567223b616b756e5f7265616c4e616d657c733a31333a2241646d696e6973747261746f72223b616b756e5f696447726f75707c733a313a2231223b616b756e5f67726f75704465736372697074696f6e7c733a31333a2241646d696e6973747261746f72223b616b756e5f6e616d61496e7374616e73697c733a32323a224954534b205253542064722e20536f657072616f656e223b616b756e5f616c696173496e7374616e73697c733a343a224954534b223b616b756e5f74686e416e67676172616e7c733a393a22323032322d32303233223b6e5f7472616e73616b73697c733a31343a22474c323032323131323530303034223b6a5f7472616e73616b73697c733a363a2274616d626168223b747275657c733a32313a224461746120426572686173696c2064696861707573223b5f5f63695f766172737c613a313a7b733a343a2274727565223b733a333a226f6c64223b7d),
	('0folksu2dlu4bh4sof21vappisv6fe2q', '125.163.142.40', 1669339692, _binary 0x5f5f63695f6c6173745f726567656e65726174657c693a313636393333393339353b63617074636861776f72647c733a363a22203233333920223b616b756e5f7573657249647c733a313a2231223b616b756e5f757365726e616d657c733a363a227561646d696e223b616b756e5f656d61696c7c733a31353a2261646d696e40676d61696c2e636f6d223b616b756e5f69734163746976657c733a313a2231223b616b756e5f696d6167657c733a34333a222f7075626c69632f75706c6f6164732f757365722f757365725f3232303632363130353635392e6a706567223b616b756e5f7265616c4e616d657c733a31333a2241646d696e6973747261746f72223b616b756e5f696447726f75707c733a313a2231223b616b756e5f67726f75704465736372697074696f6e7c733a31333a2241646d696e6973747261746f72223b616b756e5f6e616d61496e7374616e73697c733a32323a224954534b205253542064722e20536f657072616f656e223b616b756e5f616c696173496e7374616e73697c733a343a224954534b223b616b756e5f74686e416e67676172616e7c733a393a22323032322d32303233223b),
	('cs14io57crmjeb90crim601uhh88rskh', '125.163.142.40', 1669339730, _binary 0x5f5f63695f6c6173745f726567656e65726174657c693a313636393333393639373b63617074636861776f72647c733a363a22203233333920223b616b756e5f7573657249647c733a313a2231223b616b756e5f757365726e616d657c733a363a227561646d696e223b616b756e5f656d61696c7c733a31353a2261646d696e40676d61696c2e636f6d223b616b756e5f69734163746976657c733a313a2231223b616b756e5f696d6167657c733a34333a222f7075626c69632f75706c6f6164732f757365722f757365725f3232303632363130353635392e6a706567223b616b756e5f7265616c4e616d657c733a31333a2241646d696e6973747261746f72223b616b756e5f696447726f75707c733a313a2231223b616b756e5f67726f75704465736372697074696f6e7c733a31333a2241646d696e6973747261746f72223b616b756e5f6e616d61496e7374616e73697c733a32323a224954534b205253542064722e20536f657072616f656e223b616b756e5f616c696173496e7374616e73697c733a343a224954534b223b616b756e5f74686e416e67676172616e7c733a393a22323032322d32303233223b),
	('0mjk9gv64d2bs20tapvtqn1ne2ktktm6', '125.163.142.40', 1669340086, _binary 0x5f5f63695f6c6173745f726567656e65726174657c693a313636393334303037323b63617074636861776f72647c733a363a22203130353120223b616b756e5f7573657249647c733a313a2231223b616b756e5f757365726e616d657c733a363a227561646d696e223b616b756e5f656d61696c7c733a31353a2261646d696e40676d61696c2e636f6d223b616b756e5f69734163746976657c733a313a2231223b616b756e5f696d6167657c733a34333a222f7075626c69632f75706c6f6164732f757365722f757365725f3232303632363130353635392e6a706567223b616b756e5f7265616c4e616d657c733a31333a2241646d696e6973747261746f72223b616b756e5f696447726f75707c733a313a2231223b616b756e5f67726f75704465736372697074696f6e7c733a31333a2241646d696e6973747261746f72223b616b756e5f6e616d61496e7374616e73697c733a32323a224954534b205253542064722e20536f657072616f656e223b616b756e5f616c696173496e7374616e73697c733a343a224954534b223b616b756e5f74686e416e67676172616e7c733a393a22323032322d32303233223b),
	('sqlg4vnro4r59l7gv439larjbu6u9jqi', '125.163.142.40', 1669340468, _binary 0x5f5f63695f6c6173745f726567656e65726174657c693a313636393334303136393b63617074636861776f72647c733a363a22203233333920223b616b756e5f7573657249647c733a313a2231223b616b756e5f757365726e616d657c733a363a227561646d696e223b616b756e5f656d61696c7c733a31353a2261646d696e40676d61696c2e636f6d223b616b756e5f69734163746976657c733a313a2231223b616b756e5f696d6167657c733a34333a222f7075626c69632f75706c6f6164732f757365722f757365725f3232303632363130353635392e6a706567223b616b756e5f7265616c4e616d657c733a31333a2241646d696e6973747261746f72223b616b756e5f696447726f75707c733a313a2231223b616b756e5f67726f75704465736372697074696f6e7c733a31333a2241646d696e6973747261746f72223b616b756e5f6e616d61496e7374616e73697c733a32323a224954534b205253542064722e20536f657072616f656e223b616b756e5f616c696173496e7374616e73697c733a343a224954534b223b616b756e5f74686e416e67676172616e7c733a393a22323032322d32303233223b6e5f7472616e73616b73697c733a31343a22474c323032323131323530303036223b6a5f7472616e73616b73697c733a363a2274616d626168223b),
	('do61deqqcka84c1rfk4dq2bik060p9vv', '125.163.142.40', 1669340422, _binary 0x5f5f63695f6c6173745f726567656e65726174657c693a313636393334303432323b63617074636861776f72647c733a363a22203130353120223b616b756e5f7573657249647c733a313a2231223b616b756e5f757365726e616d657c733a363a227561646d696e223b616b756e5f656d61696c7c733a31353a2261646d696e40676d61696c2e636f6d223b616b756e5f69734163746976657c733a313a2231223b616b756e5f696d6167657c733a34333a222f7075626c69632f75706c6f6164732f757365722f757365725f3232303632363130353635392e6a706567223b616b756e5f7265616c4e616d657c733a31333a2241646d696e6973747261746f72223b616b756e5f696447726f75707c733a313a2231223b616b756e5f67726f75704465736372697074696f6e7c733a31333a2241646d696e6973747261746f72223b616b756e5f6e616d61496e7374616e73697c733a32323a224954534b205253542064722e20536f657072616f656e223b616b756e5f616c696173496e7374616e73697c733a343a224954534b223b616b756e5f74686e416e67676172616e7c733a393a22323032322d32303233223b),
	('rnhojhjfirhd4f8pp13ikbc07u0ouh20', '125.163.142.40', 1669340734, _binary 0x5f5f63695f6c6173745f726567656e65726174657c693a313636393334303437303b63617074636861776f72647c733a363a22203233333920223b616b756e5f7573657249647c733a313a2231223b616b756e5f757365726e616d657c733a363a227561646d696e223b616b756e5f656d61696c7c733a31353a2261646d696e40676d61696c2e636f6d223b616b756e5f69734163746976657c733a313a2231223b616b756e5f696d6167657c733a34333a222f7075626c69632f75706c6f6164732f757365722f757365725f3232303632363130353635392e6a706567223b616b756e5f7265616c4e616d657c733a31333a2241646d696e6973747261746f72223b616b756e5f696447726f75707c733a313a2231223b616b756e5f67726f75704465736372697074696f6e7c733a31333a2241646d696e6973747261746f72223b616b756e5f6e616d61496e7374616e73697c733a32323a224954534b205253542064722e20536f657072616f656e223b616b756e5f616c696173496e7374616e73697c733a343a224954534b223b616b756e5f74686e416e67676172616e7c733a393a22323032322d32303233223b6e5f7472616e73616b73697c733a31343a22474c323032323131323530303036223b6a5f7472616e73616b73697c733a363a2274616d626168223b),
	('gt62sv46q8cq5udr3h87j3hu391uotd5', '125.163.142.40', 1669341262, _binary 0x5f5f63695f6c6173745f726567656e65726174657c693a313636393334303938383b63617074636861776f72647c733a363a22203233333920223b616b756e5f7573657249647c733a313a2231223b616b756e5f757365726e616d657c733a363a227561646d696e223b616b756e5f656d61696c7c733a31353a2261646d696e40676d61696c2e636f6d223b616b756e5f69734163746976657c733a313a2231223b616b756e5f696d6167657c733a34333a222f7075626c69632f75706c6f6164732f757365722f757365725f3232303632363130353635392e6a706567223b616b756e5f7265616c4e616d657c733a31333a2241646d696e6973747261746f72223b616b756e5f696447726f75707c733a313a2231223b616b756e5f67726f75704465736372697074696f6e7c733a31333a2241646d696e6973747261746f72223b616b756e5f6e616d61496e7374616e73697c733a32323a224954534b205253542064722e20536f657072616f656e223b616b756e5f616c696173496e7374616e73697c733a343a224954534b223b616b756e5f74686e416e67676172616e7c733a393a22323032322d32303233223b6e5f7472616e73616b73697c733a31343a224b4d323032323131323530303032223b6a5f7472616e73616b73697c733a363a2274616d626168223b),
	('ocjnngkh15n494mveltd0ir0fajrq3ik', '125.163.142.40', 1669341615, _binary 0x5f5f63695f6c6173745f726567656e65726174657c693a313636393334313331373b63617074636861776f72647c733a363a22203233333920223b616b756e5f7573657249647c733a313a2231223b616b756e5f757365726e616d657c733a363a227561646d696e223b616b756e5f656d61696c7c733a31353a2261646d696e40676d61696c2e636f6d223b616b756e5f69734163746976657c733a313a2231223b616b756e5f696d6167657c733a34333a222f7075626c69632f75706c6f6164732f757365722f757365725f3232303632363130353635392e6a706567223b616b756e5f7265616c4e616d657c733a31333a2241646d696e6973747261746f72223b616b756e5f696447726f75707c733a313a2231223b616b756e5f67726f75704465736372697074696f6e7c733a31333a2241646d696e6973747261746f72223b616b756e5f6e616d61496e7374616e73697c733a32323a224954534b205253542064722e20536f657072616f656e223b616b756e5f616c696173496e7374616e73697c733a343a224954534b223b616b756e5f74686e416e67676172616e7c733a393a22323032322d32303233223b6e5f7472616e73616b73697c733a31343a22424d323032323131323530303033223b6a5f7472616e73616b73697c733a363a2274616d626168223b),
	('6jk2js7h4scfulq8p3leb0jfuesc88go', '125.163.142.40', 1669341821, _binary 0x5f5f63695f6c6173745f726567656e65726174657c693a313636393334313631383b63617074636861776f72647c733a363a22203233333920223b616b756e5f7573657249647c733a313a2231223b616b756e5f757365726e616d657c733a363a227561646d696e223b616b756e5f656d61696c7c733a31353a2261646d696e40676d61696c2e636f6d223b616b756e5f69734163746976657c733a313a2231223b616b756e5f696d6167657c733a34333a222f7075626c69632f75706c6f6164732f757365722f757365725f3232303632363130353635392e6a706567223b616b756e5f7265616c4e616d657c733a31333a2241646d696e6973747261746f72223b616b756e5f696447726f75707c733a313a2231223b616b756e5f67726f75704465736372697074696f6e7c733a31333a2241646d696e6973747261746f72223b616b756e5f6e616d61496e7374616e73697c733a32323a224954534b205253542064722e20536f657072616f656e223b616b756e5f616c696173496e7374616e73697c733a343a224954534b223b616b756e5f74686e416e67676172616e7c733a393a22323032322d32303233223b6e5f7472616e73616b73697c733a31343a22424b323032323131323530303035223b6a5f7472616e73616b73697c733a363a2274616d626168223b),
	('lg7hq2s0djij9ejvl8vbjrfbv2ctvbmq', '125.163.142.40', 1669342253, _binary 0x5f5f63695f6c6173745f726567656e65726174657c693a313636393334323132383b63617074636861776f72647c733a363a22203233333920223b616b756e5f7573657249647c733a313a2231223b616b756e5f757365726e616d657c733a363a227561646d696e223b616b756e5f656d61696c7c733a31353a2261646d696e40676d61696c2e636f6d223b616b756e5f69734163746976657c733a313a2231223b616b756e5f696d6167657c733a34333a222f7075626c69632f75706c6f6164732f757365722f757365725f3232303632363130353635392e6a706567223b616b756e5f7265616c4e616d657c733a31333a2241646d696e6973747261746f72223b616b756e5f696447726f75707c733a313a2231223b616b756e5f67726f75704465736372697074696f6e7c733a31333a2241646d696e6973747261746f72223b616b756e5f6e616d61496e7374616e73697c733a32323a224954534b205253542064722e20536f657072616f656e223b616b756e5f616c696173496e7374616e73697c733a343a224954534b223b616b756e5f74686e416e67676172616e7c733a393a22323032322d32303233223b6e5f7472616e73616b73697c733a31343a22424b323032323131323530303035223b6a5f7472616e73616b73697c733a363a2274616d626168223b),
	('jcln21pr3c0fa3s9na0crohp5fdu96mc', '125.163.142.40', 1669342690, _binary 0x5f5f63695f6c6173745f726567656e65726174657c693a313636393334323437383b63617074636861776f72647c733a363a22203233333920223b616b756e5f7573657249647c733a313a2231223b616b756e5f757365726e616d657c733a363a227561646d696e223b616b756e5f656d61696c7c733a31353a2261646d696e40676d61696c2e636f6d223b616b756e5f69734163746976657c733a313a2231223b616b756e5f696d6167657c733a34333a222f7075626c69632f75706c6f6164732f757365722f757365725f3232303632363130353635392e6a706567223b616b756e5f7265616c4e616d657c733a31333a2241646d696e6973747261746f72223b616b756e5f696447726f75707c733a313a2231223b616b756e5f67726f75704465736372697074696f6e7c733a31333a2241646d696e6973747261746f72223b616b756e5f6e616d61496e7374616e73697c733a32323a224954534b205253542064722e20536f657072616f656e223b616b756e5f616c696173496e7374616e73697c733a343a224954534b223b616b756e5f74686e416e67676172616e7c733a393a22323032322d32303233223b6e5f7472616e73616b73697c733a31343a22424b323032323131323530303035223b6a5f7472616e73616b73697c733a363a2274616d626168223b),
	('ldvbtu0cm0iu3dh0r4ienjkmq8vcu5s9', '125.163.142.40', 1669342996, _binary 0x5f5f63695f6c6173745f726567656e65726174657c693a313636393334323838393b63617074636861776f72647c733a363a22203233333920223b616b756e5f7573657249647c733a313a2231223b616b756e5f757365726e616d657c733a363a227561646d696e223b616b756e5f656d61696c7c733a31353a2261646d696e40676d61696c2e636f6d223b616b756e5f69734163746976657c733a313a2231223b616b756e5f696d6167657c733a34333a222f7075626c69632f75706c6f6164732f757365722f757365725f3232303632363130353635392e6a706567223b616b756e5f7265616c4e616d657c733a31333a2241646d696e6973747261746f72223b616b756e5f696447726f75707c733a313a2231223b616b756e5f67726f75704465736372697074696f6e7c733a31333a2241646d696e6973747261746f72223b616b756e5f6e616d61496e7374616e73697c733a32323a224954534b205253542064722e20536f657072616f656e223b616b756e5f616c696173496e7374616e73697c733a343a224954534b223b616b756e5f74686e416e67676172616e7c733a393a22323032322d32303233223b6e5f7472616e73616b73697c733a31343a22424b323032323131323530303035223b6a5f7472616e73616b73697c733a363a2274616d626168223b),
	('ic3rmivf9b0jfbmbqrmkcfctmfs56hhc', '125.163.142.40', 1669343368, _binary 0x5f5f63695f6c6173745f726567656e65726174657c693a313636393334333336383b63617074636861776f72647c733a363a22203130353120223b616b756e5f7573657249647c733a313a2231223b616b756e5f757365726e616d657c733a363a227561646d696e223b616b756e5f656d61696c7c733a31353a2261646d696e40676d61696c2e636f6d223b616b756e5f69734163746976657c733a313a2231223b616b756e5f696d6167657c733a34333a222f7075626c69632f75706c6f6164732f757365722f757365725f3232303632363130353635392e6a706567223b616b756e5f7265616c4e616d657c733a31333a2241646d696e6973747261746f72223b616b756e5f696447726f75707c733a313a2231223b616b756e5f67726f75704465736372697074696f6e7c733a31333a2241646d696e6973747261746f72223b616b756e5f6e616d61496e7374616e73697c733a32323a224954534b205253542064722e20536f657072616f656e223b616b756e5f616c696173496e7374616e73697c733a343a224954534b223b616b756e5f74686e416e67676172616e7c733a393a22323032322d32303233223b),
	('nc6iik6f4s8u39f7tcio5cnd3hqvfea0', '125.163.142.40', 1669343849, _binary 0x5f5f63695f6c6173745f726567656e65726174657c693a313636393334333535343b63617074636861776f72647c733a363a22203233333920223b616b756e5f7573657249647c733a313a2231223b616b756e5f757365726e616d657c733a363a227561646d696e223b616b756e5f656d61696c7c733a31353a2261646d696e40676d61696c2e636f6d223b616b756e5f69734163746976657c733a313a2231223b616b756e5f696d6167657c733a34333a222f7075626c69632f75706c6f6164732f757365722f757365725f3232303632363130353635392e6a706567223b616b756e5f7265616c4e616d657c733a31333a2241646d696e6973747261746f72223b616b756e5f696447726f75707c733a313a2231223b616b756e5f67726f75704465736372697074696f6e7c733a31333a2241646d696e6973747261746f72223b616b756e5f6e616d61496e7374616e73697c733a32323a224954534b205253542064722e20536f657072616f656e223b616b756e5f616c696173496e7374616e73697c733a343a224954534b223b616b756e5f74686e416e67676172616e7c733a393a22323032322d32303233223b6e5f7472616e73616b73697c733a31343a22424b323032323131323530303035223b6a5f7472616e73616b73697c733a363a2274616d626168223b),
	('aa5phohd6cc8b4lq2ifr0vtgm91afs1m', '125.163.142.40', 1669344255, _binary 0x5f5f63695f6c6173745f726567656e65726174657c693a313636393334333839343b63617074636861776f72647c733a363a22203233333920223b616b756e5f7573657249647c733a313a2231223b616b756e5f757365726e616d657c733a363a227561646d696e223b616b756e5f656d61696c7c733a31353a2261646d696e40676d61696c2e636f6d223b616b756e5f69734163746976657c733a313a2231223b616b756e5f696d6167657c733a34333a222f7075626c69632f75706c6f6164732f757365722f757365725f3232303632363130353635392e6a706567223b616b756e5f7265616c4e616d657c733a31333a2241646d696e6973747261746f72223b616b756e5f696447726f75707c733a313a2231223b616b756e5f67726f75704465736372697074696f6e7c733a31333a2241646d696e6973747261746f72223b616b756e5f6e616d61496e7374616e73697c733a32323a224954534b205253542064722e20536f657072616f656e223b616b756e5f616c696173496e7374616e73697c733a343a224954534b223b616b756e5f74686e416e67676172616e7c733a393a22323032322d32303233223b6e5f7472616e73616b73697c733a31343a22424b323032323131323530303035223b6a5f7472616e73616b73697c733a363a2274616d626168223b747275657c733a32343a22426172616e6720626572686173696c20646973696d70616e223b5f5f63695f766172737c613a313a7b733a343a2274727565223b733a333a226e6577223b7d),
	('d6v2jj8666lufri86p0cq0nbumuj4bpc', '125.163.142.40', 1669344408, _binary 0x5f5f63695f6c6173745f726567656e65726174657c693a313636393334343235363b63617074636861776f72647c733a363a22203233333920223b616b756e5f7573657249647c733a313a2231223b616b756e5f757365726e616d657c733a363a227561646d696e223b616b756e5f656d61696c7c733a31353a2261646d696e40676d61696c2e636f6d223b616b756e5f69734163746976657c733a313a2231223b616b756e5f696d6167657c733a34333a222f7075626c69632f75706c6f6164732f757365722f757365725f3232303632363130353635392e6a706567223b616b756e5f7265616c4e616d657c733a31333a2241646d696e6973747261746f72223b616b756e5f696447726f75707c733a313a2231223b616b756e5f67726f75704465736372697074696f6e7c733a31333a2241646d696e6973747261746f72223b616b756e5f6e616d61496e7374616e73697c733a32323a224954534b205253542064722e20536f657072616f656e223b616b756e5f616c696173496e7374616e73697c733a343a224954534b223b616b756e5f74686e416e67676172616e7c733a393a22323032322d32303233223b6e5f7472616e73616b73697c733a31343a22424b323032323131323530303035223b6a5f7472616e73616b73697c733a363a2274616d626168223b),
	('o4knocgovtuj1h2tme1ao5gb48rnl3ap', '125.163.142.40', 1669344714, _binary 0x5f5f63695f6c6173745f726567656e65726174657c693a313636393334343539303b63617074636861776f72647c733a363a22203139313120223b616b756e5f7573657249647c733a313a2231223b616b756e5f757365726e616d657c733a363a227561646d696e223b616b756e5f656d61696c7c733a31353a2261646d696e40676d61696c2e636f6d223b616b756e5f69734163746976657c733a313a2231223b616b756e5f696d6167657c733a34333a222f7075626c69632f75706c6f6164732f757365722f757365725f3232303632363130353635392e6a706567223b616b756e5f7265616c4e616d657c733a31333a2241646d696e6973747261746f72223b616b756e5f696447726f75707c733a313a2231223b616b756e5f67726f75704465736372697074696f6e7c733a31333a2241646d696e6973747261746f72223b616b756e5f6e616d61496e7374616e73697c733a32323a224954534b205253542064722e20536f657072616f656e223b616b756e5f616c696173496e7374616e73697c733a343a224954534b223b616b756e5f74686e416e67676172616e7c733a393a22323032322d32303233223b),
	('in4spohjccpfft64oku0h8ti6nodlup7', '125.163.142.40', 1669345400, _binary 0x5f5f63695f6c6173745f726567656e65726174657c693a313636393334343930323b63617074636861776f72647c733a363a22203233333920223b616b756e5f7573657249647c733a313a2231223b616b756e5f757365726e616d657c733a363a227561646d696e223b616b756e5f656d61696c7c733a31353a2261646d696e40676d61696c2e636f6d223b616b756e5f69734163746976657c733a313a2231223b616b756e5f696d6167657c733a34333a222f7075626c69632f75706c6f6164732f757365722f757365725f3232303632363130353635392e6a706567223b616b756e5f7265616c4e616d657c733a31333a2241646d696e6973747261746f72223b616b756e5f696447726f75707c733a313a2231223b616b756e5f67726f75704465736372697074696f6e7c733a31333a2241646d696e6973747261746f72223b616b756e5f6e616d61496e7374616e73697c733a32323a224954534b205253542064722e20536f657072616f656e223b616b756e5f616c696173496e7374616e73697c733a343a224954534b223b616b756e5f74686e416e67676172616e7c733a393a22323032322d32303233223b6e5f7472616e73616b73697c733a31343a22424b323032323131323530303035223b6a5f7472616e73616b73697c733a363a2274616d626168223b),
	('mt414l8b0n8rqq943hjuk17r3j1c19g0', '125.163.142.40', 1669345451, _binary 0x5f5f63695f6c6173745f726567656e65726174657c693a313636393334353332383b63617074636861776f72647c733a363a22203133373820223b616b756e5f7573657249647c733a313a2231223b616b756e5f757365726e616d657c733a363a227561646d696e223b616b756e5f656d61696c7c733a31353a2261646d696e40676d61696c2e636f6d223b616b756e5f69734163746976657c733a313a2231223b616b756e5f696d6167657c733a34333a222f7075626c69632f75706c6f6164732f757365722f757365725f3232303632363130353635392e6a706567223b616b756e5f7265616c4e616d657c733a31333a2241646d696e6973747261746f72223b616b756e5f696447726f75707c733a313a2231223b616b756e5f67726f75704465736372697074696f6e7c733a31333a2241646d696e6973747261746f72223b616b756e5f6e616d61496e7374616e73697c733a32323a224954534b205253542064722e20536f657072616f656e223b616b756e5f616c696173496e7374616e73697c733a343a224954534b223b616b756e5f74686e416e67676172616e7c733a393a22323032322d32303233223b),
	('1qmppeoc1c20c2v3puv0umk494bdpdl7', '125.163.142.40', 1669345757, _binary 0x5f5f63695f6c6173745f726567656e65726174657c693a313636393334353435383b63617074636861776f72647c733a363a22203233333920223b616b756e5f7573657249647c733a313a2231223b616b756e5f757365726e616d657c733a363a227561646d696e223b616b756e5f656d61696c7c733a31353a2261646d696e40676d61696c2e636f6d223b616b756e5f69734163746976657c733a313a2231223b616b756e5f696d6167657c733a34333a222f7075626c69632f75706c6f6164732f757365722f757365725f3232303632363130353635392e6a706567223b616b756e5f7265616c4e616d657c733a31333a2241646d696e6973747261746f72223b616b756e5f696447726f75707c733a313a2231223b616b756e5f67726f75704465736372697074696f6e7c733a31333a2241646d696e6973747261746f72223b616b756e5f6e616d61496e7374616e73697c733a32323a224954534b205253542064722e20536f657072616f656e223b616b756e5f616c696173496e7374616e73697c733a343a224954534b223b616b756e5f74686e416e67676172616e7c733a393a22323032322d32303233223b6e5f7472616e73616b73697c733a31343a225054323032323131323530303031223b6a5f7472616e73616b73697c733a363a2274616d626168223b),
	('j0551gev8it6burls9t3mbrotrfv99pq', '125.163.142.40', 1669346083, _binary 0x5f5f63695f6c6173745f726567656e65726174657c693a313636393334353737353b63617074636861776f72647c733a363a22203233333920223b616b756e5f7573657249647c733a313a2231223b616b756e5f757365726e616d657c733a363a227561646d696e223b616b756e5f656d61696c7c733a31353a2261646d696e40676d61696c2e636f6d223b616b756e5f69734163746976657c733a313a2231223b616b756e5f696d6167657c733a34333a222f7075626c69632f75706c6f6164732f757365722f757365725f3232303632363130353635392e6a706567223b616b756e5f7265616c4e616d657c733a31333a2241646d696e6973747261746f72223b616b756e5f696447726f75707c733a313a2231223b616b756e5f67726f75704465736372697074696f6e7c733a31333a2241646d696e6973747261746f72223b616b756e5f6e616d61496e7374616e73697c733a32323a224954534b205253542064722e20536f657072616f656e223b616b756e5f616c696173496e7374616e73697c733a343a224954534b223b616b756e5f74686e416e67676172616e7c733a393a22323032322d32303233223b6e5f7472616e73616b73697c733a31343a225054323032323131323530303032223b6a5f7472616e73616b73697c733a363a2274616d626168223b),
	('f67lkltqjri2kmb7kbkia5j6nimiojqe', '125.163.142.40', 1669346383, _binary 0x5f5f63695f6c6173745f726567656e65726174657c693a313636393334363038333b63617074636861776f72647c733a363a22203233333920223b616b756e5f7573657249647c733a313a2231223b616b756e5f757365726e616d657c733a363a227561646d696e223b616b756e5f656d61696c7c733a31353a2261646d696e40676d61696c2e636f6d223b616b756e5f69734163746976657c733a313a2231223b616b756e5f696d6167657c733a34333a222f7075626c69632f75706c6f6164732f757365722f757365725f3232303632363130353635392e6a706567223b616b756e5f7265616c4e616d657c733a31333a2241646d696e6973747261746f72223b616b756e5f696447726f75707c733a313a2231223b616b756e5f67726f75704465736372697074696f6e7c733a31333a2241646d696e6973747261746f72223b616b756e5f6e616d61496e7374616e73697c733a32323a224954534b205253542064722e20536f657072616f656e223b616b756e5f616c696173496e7374616e73697c733a343a224954534b223b616b756e5f74686e416e67676172616e7c733a393a22323032322d32303233223b6e5f7472616e73616b73697c733a31343a225054323032323131323530303032223b6a5f7472616e73616b73697c733a363a2274616d626168223b),
	('iusohfmo15b1unhajpsma8pgksip7dpd', '125.163.142.40', 1669346574, _binary 0x5f5f63695f6c6173745f726567656e65726174657c693a313636393334363338383b63617074636861776f72647c733a363a22203233333920223b616b756e5f7573657249647c733a313a2231223b616b756e5f757365726e616d657c733a363a227561646d696e223b616b756e5f656d61696c7c733a31353a2261646d696e40676d61696c2e636f6d223b616b756e5f69734163746976657c733a313a2231223b616b756e5f696d6167657c733a34333a222f7075626c69632f75706c6f6164732f757365722f757365725f3232303632363130353635392e6a706567223b616b756e5f7265616c4e616d657c733a31333a2241646d696e6973747261746f72223b616b756e5f696447726f75707c733a313a2231223b616b756e5f67726f75704465736372697074696f6e7c733a31333a2241646d696e6973747261746f72223b616b756e5f6e616d61496e7374616e73697c733a32323a224954534b205253542064722e20536f657072616f656e223b616b756e5f616c696173496e7374616e73697c733a343a224954534b223b616b756e5f74686e416e67676172616e7c733a393a22323032322d32303233223b6e5f7472616e73616b73697c733a31343a225054323032323131323530303032223b6a5f7472616e73616b73697c733a363a2274616d626168223b),
	('qacu85le8tp5g405e6umc01op289c4qp', '125.163.142.40', 1669346431, _binary 0x5f5f63695f6c6173745f726567656e65726174657c693a313636393334363430373b63617074636861776f72647c733a363a22203133373820223b616b756e5f7573657249647c733a313a2231223b616b756e5f757365726e616d657c733a363a227561646d696e223b616b756e5f656d61696c7c733a31353a2261646d696e40676d61696c2e636f6d223b616b756e5f69734163746976657c733a313a2231223b616b756e5f696d6167657c733a34333a222f7075626c69632f75706c6f6164732f757365722f757365725f3232303632363130353635392e6a706567223b616b756e5f7265616c4e616d657c733a31333a2241646d696e6973747261746f72223b616b756e5f696447726f75707c733a313a2231223b616b756e5f67726f75704465736372697074696f6e7c733a31333a2241646d696e6973747261746f72223b616b756e5f6e616d61496e7374616e73697c733a32323a224954534b205253542064722e20536f657072616f656e223b616b756e5f616c696173496e7374616e73697c733a343a224954534b223b616b756e5f74686e416e67676172616e7c733a393a22323032322d32303233223b),
	('gb2siujt5bmad5qm403uer6g60bsbh30', '125.163.142.40', 1669347537, _binary 0x5f5f63695f6c6173745f726567656e65726174657c693a313636393334363735313b63617074636861776f72647c733a363a22203233333920223b616b756e5f7573657249647c733a313a2231223b616b756e5f757365726e616d657c733a363a227561646d696e223b616b756e5f656d61696c7c733a31353a2261646d696e40676d61696c2e636f6d223b616b756e5f69734163746976657c733a313a2231223b616b756e5f696d6167657c733a34333a222f7075626c69632f75706c6f6164732f757365722f757365725f3232303632363130353635392e6a706567223b616b756e5f7265616c4e616d657c733a31333a2241646d696e6973747261746f72223b616b756e5f696447726f75707c733a313a2231223b616b756e5f67726f75704465736372697074696f6e7c733a31333a2241646d696e6973747261746f72223b616b756e5f6e616d61496e7374616e73697c733a32323a224954534b205253542064722e20536f657072616f656e223b616b756e5f616c696173496e7374616e73697c733a343a224954534b223b616b756e5f74686e416e67676172616e7c733a393a22323032322d32303233223b6e5f7472616e73616b73697c733a31343a225354323032323131323530303031223b6a5f7472616e73616b73697c733a363a2274616d626168223b),
	('oaplk3bjlcsgao54m2n38f23e72hg1l7', '125.163.142.40', 1669346946, _binary 0x5f5f63695f6c6173745f726567656e65726174657c693a313636393334363837343b63617074636861776f72647c733a363a22203133373820223b616b756e5f7573657249647c733a313a2231223b616b756e5f757365726e616d657c733a363a227561646d696e223b616b756e5f656d61696c7c733a31353a2261646d696e40676d61696c2e636f6d223b616b756e5f69734163746976657c733a313a2231223b616b756e5f696d6167657c733a34333a222f7075626c69632f75706c6f6164732f757365722f757365725f3232303632363130353635392e6a706567223b616b756e5f7265616c4e616d657c733a31333a2241646d696e6973747261746f72223b616b756e5f696447726f75707c733a313a2231223b616b756e5f67726f75704465736372697074696f6e7c733a31333a2241646d696e6973747261746f72223b616b756e5f6e616d61496e7374616e73697c733a32323a224954534b205253542064722e20536f657072616f656e223b616b756e5f616c696173496e7374616e73697c733a343a224954534b223b616b756e5f74686e416e67676172616e7c733a393a22323032322d32303233223b),
	('rjhqne9tva963o699uea2a3j41btg786', '125.163.142.40', 1669347576, _binary 0x5f5f63695f6c6173745f726567656e65726174657c693a313636393334373438333b63617074636861776f72647c733a363a22203139313120223b616b756e5f7573657249647c733a313a2231223b616b756e5f757365726e616d657c733a363a227561646d696e223b616b756e5f656d61696c7c733a31353a2261646d696e40676d61696c2e636f6d223b616b756e5f69734163746976657c733a313a2231223b616b756e5f696d6167657c733a34333a222f7075626c69632f75706c6f6164732f757365722f757365725f3232303632363130353635392e6a706567223b616b756e5f7265616c4e616d657c733a31333a2241646d696e6973747261746f72223b616b756e5f696447726f75707c733a313a2231223b616b756e5f67726f75704465736372697074696f6e7c733a31333a2241646d696e6973747261746f72223b616b756e5f6e616d61496e7374616e73697c733a32323a224954534b205253542064722e20536f657072616f656e223b616b756e5f616c696173496e7374616e73697c733a343a224954534b223b616b756e5f74686e416e67676172616e7c733a393a22323032322d32303233223b),
	('pik0on2rrb39sp62gdcfolcs68gs788j', '125.163.142.40', 1669348147, _binary 0x5f5f63695f6c6173745f726567656e65726174657c693a313636393334373837323b63617074636861776f72647c733a363a22203233333920223b616b756e5f7573657249647c733a313a2231223b616b756e5f757365726e616d657c733a363a227561646d696e223b616b756e5f656d61696c7c733a31353a2261646d696e40676d61696c2e636f6d223b616b756e5f69734163746976657c733a313a2231223b616b756e5f696d6167657c733a34333a222f7075626c69632f75706c6f6164732f757365722f757365725f3232303632363130353635392e6a706567223b616b756e5f7265616c4e616d657c733a31333a2241646d696e6973747261746f72223b616b756e5f696447726f75707c733a313a2231223b616b756e5f67726f75704465736372697074696f6e7c733a31333a2241646d696e6973747261746f72223b616b756e5f6e616d61496e7374616e73697c733a32323a224954534b205253542064722e20536f657072616f656e223b616b756e5f616c696173496e7374616e73697c733a343a224954534b223b616b756e5f74686e416e67676172616e7c733a393a22323032322d32303233223b6e5f7472616e73616b73697c733a31343a225354323032323131323530303031223b6a5f7472616e73616b73697c733a363a2274616d626168223b),
	('e9maevldqc6259fo205l28323ccciadu', '125.163.142.40', 1669348721, _binary 0x5f5f63695f6c6173745f726567656e65726174657c693a313636393334383436373b63617074636861776f72647c733a363a22203233333920223b616b756e5f7573657249647c733a313a2231223b616b756e5f757365726e616d657c733a363a227561646d696e223b616b756e5f656d61696c7c733a31353a2261646d696e40676d61696c2e636f6d223b616b756e5f69734163746976657c733a313a2231223b616b756e5f696d6167657c733a34333a222f7075626c69632f75706c6f6164732f757365722f757365725f3232303632363130353635392e6a706567223b616b756e5f7265616c4e616d657c733a31333a2241646d696e6973747261746f72223b616b756e5f696447726f75707c733a313a2231223b616b756e5f67726f75704465736372697074696f6e7c733a31333a2241646d696e6973747261746f72223b616b756e5f6e616d61496e7374616e73697c733a32323a224954534b205253542064722e20536f657072616f656e223b616b756e5f616c696173496e7374616e73697c733a343a224954534b223b616b756e5f74686e416e67676172616e7c733a393a22323032322d32303233223b6e5f7472616e73616b73697c733a31343a225354323032323131323530303031223b6a5f7472616e73616b73697c733a363a2274616d626168223b),
	('t1qcbmp4mpf69tgeno4dj5ci9q1n3bgt', '125.163.142.40', 1669348740, _binary 0x5f5f63695f6c6173745f726567656e65726174657c693a313636393334383731383b63617074636861776f72647c733a363a22203139313120223b616b756e5f7573657249647c733a313a2231223b616b756e5f757365726e616d657c733a363a227561646d696e223b616b756e5f656d61696c7c733a31353a2261646d696e40676d61696c2e636f6d223b616b756e5f69734163746976657c733a313a2231223b616b756e5f696d6167657c733a34333a222f7075626c69632f75706c6f6164732f757365722f757365725f3232303632363130353635392e6a706567223b616b756e5f7265616c4e616d657c733a31333a2241646d696e6973747261746f72223b616b756e5f696447726f75707c733a313a2231223b616b756e5f67726f75704465736372697074696f6e7c733a31333a2241646d696e6973747261746f72223b616b756e5f6e616d61496e7374616e73697c733a32323a224954534b205253542064722e20536f657072616f656e223b616b756e5f616c696173496e7374616e73697c733a343a224954534b223b616b756e5f74686e416e67676172616e7c733a393a22323032322d32303233223b),
	('i0omni1psqp4o2lvgprq1u5a6iaerph3', '125.163.142.40', 1669349376, _binary 0x5f5f63695f6c6173745f726567656e65726174657c693a313636393334393131373b63617074636861776f72647c733a363a22203233333920223b616b756e5f7573657249647c733a313a2231223b616b756e5f757365726e616d657c733a363a227561646d696e223b616b756e5f656d61696c7c733a31353a2261646d696e40676d61696c2e636f6d223b616b756e5f69734163746976657c733a313a2231223b616b756e5f696d6167657c733a34333a222f7075626c69632f75706c6f6164732f757365722f757365725f3232303632363130353635392e6a706567223b616b756e5f7265616c4e616d657c733a31333a2241646d696e6973747261746f72223b616b756e5f696447726f75707c733a313a2231223b616b756e5f67726f75704465736372697074696f6e7c733a31333a2241646d696e6973747261746f72223b616b756e5f6e616d61496e7374616e73697c733a32323a224954534b205253542064722e20536f657072616f656e223b616b756e5f616c696173496e7374616e73697c733a343a224954534b223b616b756e5f74686e416e67676172616e7c733a393a22323032322d32303233223b6e5f7472616e73616b73697c733a31343a225354323032323131323530303031223b6a5f7472616e73616b73697c733a363a2274616d626168223b),
	('80pueetfknbhekivsd3ksuulfd2q6dmv', '125.163.142.40', 1669349746, _binary 0x5f5f63695f6c6173745f726567656e65726174657c693a313636393334393437373b63617074636861776f72647c733a363a22203233333920223b616b756e5f7573657249647c733a313a2231223b616b756e5f757365726e616d657c733a363a227561646d696e223b616b756e5f656d61696c7c733a31353a2261646d696e40676d61696c2e636f6d223b616b756e5f69734163746976657c733a313a2231223b616b756e5f696d6167657c733a34333a222f7075626c69632f75706c6f6164732f757365722f757365725f3232303632363130353635392e6a706567223b616b756e5f7265616c4e616d657c733a31333a2241646d696e6973747261746f72223b616b756e5f696447726f75707c733a313a2231223b616b756e5f67726f75704465736372697074696f6e7c733a31333a2241646d696e6973747261746f72223b616b756e5f6e616d61496e7374616e73697c733a32323a224954534b205253542064722e20536f657072616f656e223b616b756e5f616c696173496e7374616e73697c733a343a224954534b223b616b756e5f74686e416e67676172616e7c733a393a22323032322d32303233223b6e5f7472616e73616b73697c733a31343a225354323032323131323530303031223b6a5f7472616e73616b73697c733a363a2274616d626168223b),
	('teh7ua8u8fm6lrju9uanvv9mfl4nogl2', '125.163.142.40', 1669349973, _binary 0x5f5f63695f6c6173745f726567656e65726174657c693a313636393334393834373b63617074636861776f72647c733a363a22203233333920223b616b756e5f7573657249647c733a313a2231223b616b756e5f757365726e616d657c733a363a227561646d696e223b616b756e5f656d61696c7c733a31353a2261646d696e40676d61696c2e636f6d223b616b756e5f69734163746976657c733a313a2231223b616b756e5f696d6167657c733a34333a222f7075626c69632f75706c6f6164732f757365722f757365725f3232303632363130353635392e6a706567223b616b756e5f7265616c4e616d657c733a31333a2241646d696e6973747261746f72223b616b756e5f696447726f75707c733a313a2231223b616b756e5f67726f75704465736372697074696f6e7c733a31333a2241646d696e6973747261746f72223b616b756e5f6e616d61496e7374616e73697c733a32323a224954534b205253542064722e20536f657072616f656e223b616b756e5f616c696173496e7374616e73697c733a343a224954534b223b616b756e5f74686e416e67676172616e7c733a393a22323032322d32303233223b6e5f7472616e73616b73697c733a31343a225354323032323131323530303031223b6a5f7472616e73616b73697c733a363a2274616d626168223b);

-- Dumping structure for table keuanganrab.bank
DROP TABLE IF EXISTS `bank`;
CREATE TABLE IF NOT EXISTS `bank` (
  `n_bank` int(11) NOT NULL AUTO_INCREMENT,
  `akun` varchar(15) NOT NULL,
  `nama` varchar(20) NOT NULL,
  `norek` varchar(30) DEFAULT NULL,
  `pemilik` varchar(50) DEFAULT NULL,
  `alamat` text,
  `telepon` varchar(15) DEFAULT NULL,
  `is_active` enum('1','0') DEFAULT '1',
  `created_by` int(11) DEFAULT NULL,
  `created_at` timestamp NULL DEFAULT CURRENT_TIMESTAMP,
  `updated_by` int(11) DEFAULT NULL,
  `updated_at` timestamp NULL DEFAULT NULL ON UPDATE CURRENT_TIMESTAMP,
  PRIMARY KEY (`n_bank`)
) ENGINE=InnoDB AUTO_INCREMENT=25 DEFAULT CHARSET=utf8;

-- Dumping data for table keuanganrab.bank: ~0 rows (approximately)
REPLACE INTO `bank` (`n_bank`, `akun`, `nama`, `norek`, `pemilik`, `alamat`, `telepon`, `is_active`, `created_by`, `created_at`, `updated_by`, `updated_at`) VALUES
	(24, '1002', 'PT. BANK NASIONAL IN', '5424577543', 'ARKATAMA', 'JL. MERTOJOYO SELATAN', '081376489930', '1', 1, '2022-11-25 01:57:52', NULL, NULL);

-- Dumping structure for table keuanganrab.barang
DROP TABLE IF EXISTS `barang`;
CREATE TABLE IF NOT EXISTS `barang` (
  `n_barang` varchar(15) NOT NULL,
  `barcode` varchar(50) DEFAULT NULL,
  `akun_hpp` varchar(15) NOT NULL,
  `akun_persediaan` varchar(15) NOT NULL,
  `akun_pendapatan` varchar(15) NOT NULL,
  `nama` varchar(50) NOT NULL,
  `harga_pokok` double(15,2) DEFAULT '0.00',
  `harga_beli` double(15,2) DEFAULT '0.00',
  `harga_jual1` double(15,2) DEFAULT '0.00',
  `harga_jual2` double(15,2) DEFAULT '0.00',
  `harga_jual3` double(15,2) DEFAULT '0.00',
  `stock_awal` int(11) NOT NULL DEFAULT '0',
  `stock_gudang` int(11) DEFAULT NULL,
  `stock_etalase` int(11) DEFAULT NULL,
  `stock_min` int(11) DEFAULT NULL,
  `n_unit` varchar(20) DEFAULT NULL,
  `b_unit` varchar(20) DEFAULT NULL,
  `konversi_unit` decimal(15,2) DEFAULT '0.00',
  `n_grup` varchar(15) DEFAULT NULL,
  `diskon` decimal(15,2) DEFAULT '0.00',
  `keterangan1` varchar(255) DEFAULT NULL,
  `keterangan2` varchar(255) DEFAULT NULL,
  `keterangan3` varchar(255) DEFAULT NULL,
  `is_active` enum('1','0') DEFAULT '1',
  `created_by` int(11) DEFAULT NULL,
  `created_at` timestamp NULL DEFAULT CURRENT_TIMESTAMP,
  `updated_by` int(11) DEFAULT NULL,
  `updated_at` timestamp NULL DEFAULT NULL ON UPDATE CURRENT_TIMESTAMP,
  PRIMARY KEY (`n_barang`),
  KEY `FK_barang_barang_grup` (`n_grup`),
  CONSTRAINT `FK_barang_barang_grup` FOREIGN KEY (`n_grup`) REFERENCES `barang_grup` (`n_grup`) ON UPDATE CASCADE
) ENGINE=InnoDB DEFAULT CHARSET=utf8;

-- Dumping data for table keuanganrab.barang: ~2 rows (approximately)
REPLACE INTO `barang` (`n_barang`, `barcode`, `akun_hpp`, `akun_persediaan`, `akun_pendapatan`, `nama`, `harga_pokok`, `harga_beli`, `harga_jual1`, `harga_jual2`, `harga_jual3`, `stock_awal`, `stock_gudang`, `stock_etalase`, `stock_min`, `n_unit`, `b_unit`, `konversi_unit`, `n_grup`, `diskon`, `keterangan1`, `keterangan2`, `keterangan3`, `is_active`, `created_by`, `created_at`, `updated_by`, `updated_at`) VALUES
	('21.00009', '-', '6001', '1501', '4904', 'BARANG TESTING', 0.00, 5000.00, 6000.00, 0.00, 0.00, 0, 0, 0, 50, 'PCS', 'PCS', 1.00, '02.001', 0.00, NULL, NULL, NULL, '1', 1, '2022-11-09 00:56:59', NULL, NULL),
	('21.00010', '-1234', '6001', '1601', '4906', 'TEH PUCUK', 2970.87, 3000.00, 5000.00, 0.00, 0.00, 0, 5000, 50, 50, 'PCS', 'PCS', 1.00, '02.001', 0.00, NULL, NULL, NULL, '1', 1, '2022-11-25 02:44:15', 1, '2022-11-25 03:29:00');

-- Dumping structure for table keuanganrab.barang_grup
DROP TABLE IF EXISTS `barang_grup`;
CREATE TABLE IF NOT EXISTS `barang_grup` (
  `n_grup` varchar(15) NOT NULL,
  `grup` varchar(50) DEFAULT NULL,
  `departement` varchar(50) DEFAULT NULL,
  `akun_hpp` varchar(15) DEFAULT NULL,
  `akun_persediaan` varchar(15) DEFAULT NULL,
  `akun_pendapatan` varchar(15) DEFAULT NULL,
  `margin_grup` int(11) DEFAULT NULL,
  `margin_departement` int(11) DEFAULT NULL,
  `kode` varchar(3) DEFAULT NULL,
  `is_active` enum('1','0') DEFAULT '1',
  `created_by` int(11) DEFAULT NULL,
  `created_at` timestamp NULL DEFAULT CURRENT_TIMESTAMP,
  `updated_by` int(11) DEFAULT NULL,
  `updated_at` timestamp NULL DEFAULT NULL ON UPDATE CURRENT_TIMESTAMP,
  PRIMARY KEY (`n_grup`)
) ENGINE=InnoDB DEFAULT CHARSET=utf8;

-- Dumping data for table keuanganrab.barang_grup: ~7 rows (approximately)
REPLACE INTO `barang_grup` (`n_grup`, `grup`, `departement`, `akun_hpp`, `akun_persediaan`, `akun_pendapatan`, `margin_grup`, `margin_departement`, `kode`, `is_active`, `created_by`, `created_at`, `updated_by`, `updated_at`) VALUES
	('02', 'MINUMAN', NULL, NULL, NULL, NULL, 0, 0, NULL, '1', NULL, '2022-06-14 06:11:36', NULL, NULL),
	('02.001', '02', 'LANTAI TENGAH', '6001', '1601', '4906', 0, 0, '21', '1', NULL, '2022-06-14 06:11:36', 1, '2022-10-28 07:25:56'),
	('02.002', '02', 'TEST', '6001', '1001', '4004', NULL, 0, '634', '1', 1, '2022-11-09 02:27:28', NULL, NULL),
	('03', 'ALAT', NULL, NULL, NULL, NULL, 0, 0, NULL, '1', NULL, '2022-06-14 06:11:36', 1, '2022-11-09 01:05:11'),
	('03.001', '03', 'LANTAI BAWAH', '6001', '1601', '4906', 0, 0, '31', '1', NULL, '2022-06-14 06:11:36', NULL, '2022-10-28 07:25:57'),
	('04', 'PERANGKAT', NULL, NULL, NULL, NULL, NULL, NULL, NULL, '1', 1, '2022-06-27 07:30:16', NULL, NULL),
	('1', 'MAKANAN', NULL, NULL, NULL, NULL, NULL, NULL, NULL, '1', 1, '2022-11-09 02:27:46', NULL, NULL);

-- Dumping structure for table keuanganrab.coa
DROP TABLE IF EXISTS `coa`;
CREATE TABLE IF NOT EXISTS `coa` (
  `akun` varchar(4) NOT NULL,
  `nama` varchar(255) NOT NULL,
  `grup` varchar(255) DEFAULT NULL,
  `subgrup` varchar(255) DEFAULT NULL,
  `detail` varchar(255) DEFAULT NULL,
  `debet` double(15,2) DEFAULT '0.00',
  `kredit` double(15,2) DEFAULT '0.00',
  `saldo` double(15,2) DEFAULT '0.00',
  `link` varchar(15) DEFAULT NULL,
  `debet_link` double(15,2) DEFAULT '0.00',
  `kredit_link` double(15,2) DEFAULT '0.00',
  `saldo_link` double(15,2) DEFAULT '0.00',
  `is_active` enum('1','0') DEFAULT '1',
  `created_by` int(11) DEFAULT NULL,
  `created_at` timestamp NULL DEFAULT CURRENT_TIMESTAMP,
  `updated_by` int(11) DEFAULT NULL,
  `updated_at` timestamp NULL DEFAULT NULL ON UPDATE CURRENT_TIMESTAMP,
  PRIMARY KEY (`akun`)
) ENGINE=InnoDB DEFAULT CHARSET=utf8;

-- Dumping data for table keuanganrab.coa: ~162 rows (approximately)
REPLACE INTO `coa` (`akun`, `nama`, `grup`, `subgrup`, `detail`, `debet`, `kredit`, `saldo`, `link`, `debet_link`, `kredit_link`, `saldo_link`, `is_active`, `created_by`, `created_at`, `updated_by`, `updated_at`) VALUES
	('1001', 'KAS', 'AKTIVA', 'KAS & SETARA KAS', 'Kas & Setara Kas', 0.00, 0.00, 0.00, '1001', 0.00, 0.00, 0.00, '1', 1, '2022-09-02 07:48:13', NULL, NULL),
	('1002', 'PT BANK NASIONAL INDONESIA TBK - 0106472861', 'AKTIVA', 'KAS & SETARA KAS', 'Kas & Setara Kas', 0.00, 0.00, 0.00, '1002', 0.00, 0.00, 0.00, '1', 1, '2022-09-02 07:48:13', NULL, NULL),
	('1003', 'PT BANK RAKYAT INDONESIA TBK - 117501000204305', 'AKTIVA', 'KAS & SETARA KAS', 'Kas & Setara Kas', 0.00, 0.00, 0.00, '1003', 0.00, 0.00, 0.00, '1', 1, '2022-09-02 07:48:13', NULL, NULL),
	('1004', 'DEPOSITO BANK', 'AKTIVA', 'KAS & SETARA KAS', 'Kas & Setara Kas', 0.00, 0.00, 0.00, '1004', 0.00, 0.00, 0.00, '1', 1, '2022-09-02 07:48:13', NULL, NULL),
	('1101', 'PIUTANG MAHASISWA', 'AKTIVA', 'PIUTANG ', 'Piutang Mahasiswa', 0.00, 0.00, 0.00, '1101', 0.00, 0.00, 0.00, '1', 1, '2022-09-02 07:48:13', NULL, '2022-10-28 01:49:02'),
	('1102', 'UANG MUKA PEMBELIAN', 'AKTIVA', 'PIUTANG', 'Uang Muka Pembelian', 0.00, 0.00, 0.00, '1102', 0.00, 0.00, 0.00, '1', NULL, '2022-10-28 01:49:02', NULL, NULL),
	('1201', 'BEBAN DIBAYAR DIMUKA', 'AKTIVA', 'BEBAN DIBAYAR DIMUKA', 'Beban Dibayar Dimuka', 0.00, 0.00, 0.00, '1201', 0.00, 0.00, 0.00, '1', 1, '2022-09-02 07:48:13', NULL, NULL),
	('1301', 'TANAH', 'AKTIVA', 'ASET TETAP', 'Aset Tetap', 0.00, 0.00, 0.00, '1301', 0.00, 0.00, 0.00, '1', 1, '2022-09-02 07:48:13', NULL, NULL),
	('1302', 'BANGUNAN', 'AKTIVA', 'ASET TETAP', 'Aset Tetap', 0.00, 0.00, 0.00, '1302', 0.00, 0.00, 0.00, '1', 1, '2022-09-02 07:48:13', NULL, NULL),
	('1303', 'INVENTARIS KANTOR', 'AKTIVA', 'ASET TETAP', 'Aset Tetap', 0.00, 0.00, 0.00, '1303', 0.00, 0.00, 0.00, '1', 1, '2022-09-02 07:48:13', NULL, NULL),
	('1304', 'KENDARAAN', 'AKTIVA', 'ASET TETAP', 'Aset Tetap', 0.00, 0.00, 0.00, '1304', 0.00, 0.00, 0.00, '1', 1, '2022-09-02 07:48:13', NULL, NULL),
	('1305', 'BUKU PERPUSTAKAAN', 'AKTIVA', 'ASET TETAP', 'Aset Tetap', 0.00, 0.00, 0.00, '1305', 0.00, 0.00, 0.00, '1', 1, '2022-09-02 07:48:13', NULL, NULL),
	('1307', 'LABORATORIUM', 'AKTIVA', 'ASET TETAP', 'Aset Tetap', 0.00, 0.00, 0.00, '1307', 0.00, 0.00, 0.00, '1', 1, '2022-09-02 07:48:13', NULL, '2022-10-31 01:59:38'),
	('1308', 'PERALATAN', 'AKTIVA', 'ASET TETAP', 'Aset Tetap', 0.00, 0.00, 0.00, '1308', 0.00, 0.00, 0.00, '1', 1, '2022-09-02 07:48:13', NULL, NULL),
	('1401', 'AKUMULASI PENYUSUTAN BANGUNAN', 'AKTIVA', 'AKUMULASI PENYUSUTAN', 'Aset Tetap', 0.00, 0.00, 0.00, '1401', 0.00, 0.00, 0.00, '1', 1, '2022-09-02 07:48:13', NULL, '2022-10-31 01:59:40'),
	('1402', 'AKUMULASI PENYUSUTAN INVENTARIS KANTOR', 'AKTIVA', 'AKUMULASI PENYUSUTAN', 'Akumulasi Penyusutan', 0.00, 0.00, 0.00, '1402', 0.00, 0.00, 0.00, '1', 1, '2022-09-02 07:48:13', NULL, NULL),
	('1403', 'AKUMULASI PENYUSUTAN KENDARAAN', 'AKTIVA', 'AKUMULASI PENYUSUTAN', 'Akumulasi Penyusutan', 0.00, 0.00, 0.00, '1403', 0.00, 0.00, 0.00, '1', 1, '2022-09-02 07:48:13', NULL, NULL),
	('1404', 'AKUMULASI PENYUSUTAN BUKU PERPUSTAKAAN', 'AKTIVA', 'AKUMULASI PENYUSUTAN', 'Akumulasi Penyusutan', 0.00, 0.00, 0.00, '1404', 0.00, 0.00, 0.00, '1', 1, '2022-09-02 07:48:13', NULL, NULL),
	('1405', 'AKUMULASI PENYUSUTAN ELEKTRONIK', 'AKTIVA', 'AKUMULASI PENYUSUTAN', 'Akumulasi Penyusutan', 0.00, 0.00, 0.00, '1405', 0.00, 0.00, 0.00, '1', 1, '2022-09-02 07:48:13', NULL, NULL),
	('1406', 'AKUMULASI PENYUSUTAN LABORATORIUM', 'AKTIVA', 'AKUMULASI PENYUSUTAN', 'Akumulasi Penyusutan', 0.00, 0.00, 0.00, '1406', 0.00, 0.00, 0.00, '1', 1, '2022-09-02 07:48:13', NULL, NULL),
	('1407', 'AKUMULASI PENYUSUTAN PERALATAN', 'AKTIVA', 'AKUMULASI PENYUSUTAN', 'Akumulasi Penyusutan', 0.00, 0.00, 0.00, '1407', 0.00, 0.00, 0.00, '1', 1, '2022-09-02 07:48:13', NULL, NULL),
	('1501', 'ASET LAIN-LAIN', 'AKTIVA', 'ASET LAIN-LAIN', 'Aset Lain-Lain', 0.00, 0.00, 0.00, '1501', 0.00, 0.00, 0.00, '1', 1, '2022-09-02 07:48:13', NULL, NULL),
	('1551', 'Testing Akun Aktiva', 'AKTIVA', 'ASET LAIN-LAIN', 'testing', 0.00, 0.00, 0.00, 'test', 0.00, 0.00, 0.00, '1', NULL, '2022-10-28 03:15:29', NULL, '2022-11-09 02:32:35'),
	('1601', 'PERSEDIAAN BARANG', 'PERSEDIAAN', 'PERSEDIAAN', 'PERSEDIAAN BARANG', 0.00, 0.00, 0.00, '1601', 0.00, 0.00, 0.00, '1', NULL, '2022-10-28 01:00:28', NULL, '2022-10-28 07:17:50'),
	('1602', 'PERSEDIAAN LAIN-LAIN', 'PERSEDIAAN', 'PERSEDIAAN', 'PERSEDIAAN LAIN-LAIN', 0.00, 0.00, 0.00, '1601', 0.00, 0.00, 0.00, '1', NULL, '2022-10-28 07:18:24', NULL, NULL),
	('2001', 'PENDAPATAN DITERIMA DIMUKA', 'HUTANG', 'UTANG JANGKA PENDEK', 'Utang Jangka Pendek', 0.00, 0.00, 0.00, '2001', 0.00, 0.00, 0.00, '1', 1, '2022-09-02 07:48:13', NULL, NULL),
	('2101', 'BEBAN YANG MASIH HARUS DIBAYAR', 'HUTANG', 'BEBAN YANG MASIH HARUS DIBAYAR', 'Beban Yang Masih Harus Dibayar', 0.00, 0.00, 0.00, '2101', 0.00, 0.00, 0.00, '1', 1, '2022-09-02 07:48:13', NULL, NULL),
	('2201', 'UTANG PAJAK', 'HUTANG', 'UTANG', 'Utang Pajak', 0.00, 0.00, 0.00, '2201', 0.00, 0.00, 0.00, '1', 1, '2022-09-02 07:48:13', NULL, '2022-10-28 01:51:16'),
	('2202', 'UTANG BANK', 'HUTANG', 'UTANG', 'Utang Bank', 0.00, 0.00, 0.00, '2202', 0.00, 0.00, 0.00, '1', NULL, '2022-10-28 01:45:18', NULL, '2022-10-28 01:51:20'),
	('2203', 'UANG MUKA PENJUALAN', 'HUTANG', 'UTANG', 'Uang Muka Penjualan', 0.00, 0.00, 0.00, '2203', 0.00, 0.00, 0.00, '1', NULL, '2022-10-28 01:50:59', NULL, NULL),
	('2301', 'PPN PENJUALAN', 'HUTANG', 'PPN PENJUALAN', 'PPN PENJUALAN', 0.00, 0.00, 0.00, '2301', 0.00, 0.00, 0.00, '1', NULL, '2022-10-28 01:22:46', NULL, NULL),
	('3001', 'ASET NETO AWAL', 'MODAL', 'ASET NETO', 'Aset Neto', 0.00, 0.00, 0.00, '3001', 0.00, 0.00, 0.00, '1', 1, '2022-09-02 07:48:13', NULL, NULL),
	('3101', 'LABA RUGI TAHUN BERJALAN', 'MODAL', 'LABA RUGI TAHUIN BERJALAN', 'Laba rugi tahun berjalan', 0.00, 0.00, 0.00, '3101', 0.00, 0.00, 0.00, '1', NULL, '2022-09-05 01:57:13', NULL, '2022-09-05 03:18:53'),
	('4001', 'PENDAPATAN DANA PEMBANGUNAN PENDIDIKAN', 'PENDAPATAN', 'PENDAPATAN OPERASIONAL', 'Pendapatan Operasional', 0.00, 0.00, 0.00, '4001', 0.00, 0.00, 0.00, '1', 1, '2022-09-02 07:48:13', NULL, NULL),
	('4002', 'PENDAPATAN PENDAFTARAN MAHASISWA BARU', 'PENDAPATAN', 'PENDAPATAN OPERASIONAL', 'Pendapatan Operasional', 0.00, 0.00, 0.00, '4002', 0.00, 0.00, 0.00, '1', 1, '2022-09-02 07:48:13', NULL, NULL),
	('4003', 'PENDAPATAN HEREGISTRASI', 'PENDAPATAN', 'PENDAPATAN OPERASIONAL', 'Pendapatan Operasional', 0.00, 0.00, 0.00, '4003', 0.00, 0.00, 0.00, '1', 1, '2022-09-02 07:48:13', NULL, NULL),
	('4004', 'PENDAPATAN SUMBANGAN PEMBINAAN PENDIDIKAN', 'PENDAPATAN', 'PENDAPATAN OPERASIONAL', 'Pendapatan Operasional', 0.00, 0.00, 0.00, '4004', 0.00, 0.00, 0.00, '1', 1, '2022-09-02 07:48:13', NULL, NULL),
	('4005', 'PENDAPATAN PRAKTEK KLINIK/LAPANGAN', 'PENDAPATAN', 'PENDAPATAN OPERASIONAL', 'Pendapatan Operasional', 0.00, 0.00, 0.00, '4005', 0.00, 0.00, 0.00, '1', 1, '2022-09-02 07:48:13', NULL, NULL),
	('4006', 'PENDAPATAN DANA KESEHATAN', 'PENDAPATAN', 'PENDAPATAN OPERASIONAL', 'Pendapatan Operasional', 0.00, 0.00, 0.00, '4006', 0.00, 0.00, 0.00, '1', 1, '2022-09-02 07:48:13', NULL, NULL),
	('4007', 'PENDAPATAN PERAWATAN PERPUSTAKAAN', 'PENDAPATAN', 'PENDAPATAN OPERASIONAL', 'Pendapatan Operasional', 0.00, 0.00, 0.00, '4007', 0.00, 0.00, 0.00, '1', 1, '2022-09-02 07:48:13', NULL, NULL),
	('4008', 'PENDAPATAN PERAWATAN LABORATORIUM', 'PENDAPATAN', 'PENDAPATAN OPERASIONAL', 'Pendapatan Operasional', 0.00, 0.00, 0.00, '4008', 0.00, 0.00, 0.00, '1', 1, '2022-09-02 07:48:13', NULL, NULL),
	('4009', 'PENDAPATAN IURAN HIMPUNAN MAHASISWA', 'PENDAPATAN', 'PENDAPATAN OPERASIONAL', 'Pendapatan Operasional', 0.00, 0.00, 0.00, '4009', 0.00, 0.00, 0.00, '1', 1, '2022-09-02 07:48:13', NULL, NULL),
	('4010', 'PENDAPATAN KURSUS BAHASA INGGRIS', 'PENDAPATAN', 'PENDAPATAN OPERASIONAL', 'Pendapatan Operasional', 0.00, 0.00, 0.00, '4010', 0.00, 0.00, 0.00, '1', 1, '2022-09-02 07:48:13', NULL, NULL),
	('4011', 'PENDAPATAN PENGENALAN PROGRAM STUDI', 'PENDAPATAN', 'PENDAPATAN OPERASIONAL', 'Pendapatan Operasional', 0.00, 0.00, 0.00, '4011', 0.00, 0.00, 0.00, '1', 1, '2022-09-02 07:48:13', NULL, NULL),
	('4012', 'PENDAPATAN UJIAN AKHIR PROGRAM', 'PENDAPATAN', 'PENDAPATAN OPERASIONAL', 'Pendapatan Operasional', 0.00, 0.00, 0.00, '4012', 0.00, 0.00, 0.00, '1', 1, '2022-09-02 07:48:13', NULL, NULL),
	('4013', 'PENDAPATAN WISUDA', 'PENDAPATAN', 'PENDAPATAN OPERASIONAL', 'Pendapatan Operasional', 0.00, 0.00, 0.00, '4013', 0.00, 0.00, 0.00, '1', 1, '2022-09-02 07:48:13', NULL, NULL),
	('4014', 'PENDAPATAN SERAGAM', 'PENDAPATAN', 'PENDAPATAN OPERASIONAL', 'Pendapatan Operasional', 0.00, 0.00, 0.00, '4014', 0.00, 0.00, 0.00, '1', 1, '2022-09-02 07:48:13', NULL, NULL),
	('4015', 'PENDAPATAN MAHASISWA', 'PENDAPATAN', 'PENDAPATAN OPERASIONAL', 'Pendapatan Operasional', 0.00, 0.00, 0.00, '4015', 0.00, 0.00, 0.00, '1', 1, '2022-09-02 07:48:13', NULL, NULL),
	('4016', 'PENDAPATAN KEMITRAAN', 'PENDAPATAN', 'PENDAPATAN OPERASIONAL', 'Pendapatan Operasional', 0.00, 0.00, 0.00, '4016', 0.00, 0.00, 0.00, '1', 1, '2022-09-02 07:48:13', NULL, NULL),
	('4017', 'PENDAPATAN MATRIKULASI', 'PENDAPATAN', 'PENDAPATAN OPERASIONAL', 'Pendapatan Operasional', 0.00, 0.00, 0.00, '4017', 0.00, 0.00, 0.00, '1', 1, '2022-09-02 07:48:13', NULL, NULL),
	('4101', 'ONGKOS KIRIM PENJUALAN', 'PENDAPATAN', 'PENDAPATAN LAIN-LAIN', 'Pendapatan Lain-Lain', 0.00, 0.00, 0.00, '4101', 0.00, 0.00, 0.00, '1', 1, '2022-10-28 01:27:07', NULL, '2022-10-28 01:27:15'),
	('4901', 'PENDAPATAN SUMBANGAN SUKARELA', 'PENDAPATAN', 'PENDAPATAN LAIN-LAIN', 'Pendapatan Lain-Lain', 0.00, 0.00, NULL, '4901', 0.00, 0.00, 0.00, '1', 1, '2022-09-02 07:48:13', NULL, NULL),
	('4902', 'PENDAPATAN BANK', 'PENDAPATAN', 'PENDAPATAN LAIN-LAIN', 'Pendapatan Lain-Lain', 0.00, 0.00, NULL, '4902', 0.00, 0.00, 0.00, '1', 1, '2022-09-02 07:48:13', NULL, NULL),
	('4903', 'PENDAPATAN BUNGA DEPOSITO', 'PENDAPATAN', 'PENDAPATAN LAIN-LAIN', 'Pendapatan Lain-Lain', 0.00, 0.00, NULL, '4903', 0.00, 0.00, 0.00, '1', 1, '2022-09-02 07:48:13', NULL, NULL),
	('4904', 'PENDAPATAN KANTIN', 'PENDAPATAN', 'PENDAPATAN LAIN-LAIN', 'Pendapatan Lain-Lain', 0.00, 0.00, NULL, '4904', 0.00, 0.00, 0.00, '1', 1, '2022-09-02 07:48:13', NULL, NULL),
	('4905', 'PENDAPATAN HIBAH PENELITIAN', 'PENDAPATAN', 'PENDAPATAN LAIN-LAIN', 'Pendapatan Lain-Lain', 0.00, 0.00, NULL, '4905', 0.00, 0.00, 0.00, '1', 1, '2022-09-02 07:48:13', NULL, NULL),
	('4906', 'PENDAPATAN PENERIMAAN LAIN-LAIN', 'PENDAPATAN', 'PENDAPATAN LAIN-LAIN', 'Pendapatan Lain-Lain', 0.00, 0.00, NULL, '4906', 0.00, 0.00, 0.00, '1', 1, '2022-09-02 07:48:13', NULL, NULL),
	('5001', 'BEBAN OPERASIONAL STAF PENGELOLA DAN YAYASAN', 'BEBAN', 'BEBAN UMUM & ADMINISTRASI', 'Beban Umum & Administrasi', 0.00, 0.00, 0.00, '5001', 0.00, 0.00, 0.00, '1', 1, '2022-09-02 07:48:13', NULL, NULL),
	('5002', 'BEBAN PERJALANAN DINAS/TRANSPORT', 'BEBAN', 'BEBAN UMUM & ADMINISTRASI', 'Beban Umum & Administrasi', 0.00, 0.00, 0.00, '5002', 0.00, 0.00, 0.00, '1', 1, '2022-09-02 07:48:13', NULL, NULL),
	('5003', 'BEBAN AKOMODASI PERKONAS/RAKER/LOKAKARYA', 'BEBAN', 'BEBAN UMUM & ADMINISTRASI', 'Beban Umum & Administrasi', 0.00, 0.00, 0.00, '5003', 0.00, 0.00, 0.00, '1', 1, '2022-09-02 07:48:13', NULL, NULL),
	('5004', 'BEBAN BAHAN BAKAR DAN PELUMAS', 'BEBAN', 'BEBAN UMUM & ADMINISTRASI', 'Beban Umum & Administrasi', 0.00, 0.00, 0.00, '5004', 0.00, 0.00, 0.00, '1', 1, '2022-09-02 07:48:13', NULL, NULL),
	('5005', 'BEBAN RAPAT DAN PERTEMUAN', 'BEBAN', 'BEBAN UMUM & ADMINISTRASI', 'Beban Umum & Administrasi', 0.00, 0.00, 0.00, '5005', 0.00, 0.00, 0.00, '1', 1, '2022-09-02 07:48:13', NULL, NULL),
	('5006', 'BEBAN ALAT TULIS KANTOR DAN ADMINISTRASI', 'BEBAN', 'BEBAN UMUM & ADMINISTRASI', 'Beban Umum & Administrasi', 0.00, 0.00, 0.00, '5006', 0.00, 0.00, 0.00, '1', 1, '2022-09-02 07:48:13', NULL, NULL),
	('5007', 'BEBAN PEMBUATAN BARANG CETAKAN', 'BEBAN', 'BEBAN UMUM & ADMINISTRASI', 'Beban Umum & Administrasi', 0.00, 0.00, 0.00, '5007', 0.00, 0.00, 0.00, '1', 1, '2022-09-02 07:48:13', NULL, NULL),
	('5008', 'BEBAN MATERAI DAN BENDA POS', 'BEBAN', 'BEBAN UMUM & ADMINISTRASI', 'Beban Umum & Administrasi', 0.00, 0.00, 0.00, '5008', 0.00, 0.00, 0.00, '1', 1, '2022-09-02 07:48:13', NULL, NULL),
	('5009', 'BEBAN PROMOSI', 'BEBAN', 'BEBAN UMUM & ADMINISTRASI', 'Beban Umum & Administrasi', 0.00, 0.00, 0.00, '5009', 0.00, 0.00, 0.00, '1', 1, '2022-09-02 07:48:13', NULL, NULL),
	('5010', 'BEBAN LABORATORIUM', 'BEBAN', 'BEBAN UMUM & ADMINISTRASI', 'Beban Umum & Administrasi', 0.00, 0.00, 0.00, '5010', 0.00, 0.00, 0.00, '1', 1, '2022-09-02 07:48:13', NULL, NULL),
	('5011', 'BEBAN LANGGANAN JURNAL ILMIAH, MAJALAH, DAN KORAN', 'BEBAN', 'BEBAN UMUM & ADMINISTRASI', 'Beban Umum & Administrasi', 0.00, 0.00, 0.00, '5011', 0.00, 0.00, 0.00, '1', 1, '2022-09-02 07:48:13', NULL, NULL),
	('5012', 'BEBAN LANGGANAN INTERNET', 'BEBAN', 'BEBAN UMUM & ADMINISTRASI', 'Beban Umum & Administrasi', 0.00, 0.00, 0.00, '5012', 0.00, 0.00, 0.00, '1', 1, '2022-09-02 07:48:13', NULL, NULL),
	('5013', 'BEBAN PENYUSUTAN BANGUNAN', 'BEBAN', 'BEBAN UMUM & ADMINISTRASI', 'Beban Umum & Administrasi', 0.00, 0.00, 0.00, '5013', 0.00, 0.00, 0.00, '1', 1, '2022-09-02 07:48:13', NULL, NULL),
	('5014', 'BEBAN PENYUSUTAN KENDARAAN', 'BEBAN', 'BEBAN UMUM & ADMINISTRASI', 'Beban Umum & Administrasi', 0.00, 0.00, 0.00, '5014', 0.00, 0.00, 0.00, '1', 1, '2022-09-02 07:48:13', NULL, NULL),
	('5015', 'BEBAN PENYUSUTAN BUKU PERPUSTAKAAN', 'BEBAN', 'BEBAN UMUM & ADMINISTRASI', 'Beban Umum & Administrasi', 0.00, 0.00, 0.00, '5015', 0.00, 0.00, 0.00, '1', 1, '2022-09-02 07:48:13', NULL, NULL),
	('5016', 'BEBAN PENYUSUTAN ELEKTRONIK', 'BEBAN', 'BEBAN UMUM & ADMINISTRASI', 'Beban Umum & Administrasi', 0.00, 0.00, 0.00, '5016', 0.00, 0.00, 0.00, '1', 1, '2022-09-02 07:48:13', NULL, NULL),
	('5017', 'BEBAN PENYUSUTAN LABORATORIUM', 'BEBAN', 'BEBAN UMUM & ADMINISTRASI', 'Beban Umum & Administrasi', 0.00, 0.00, 0.00, '5017', 0.00, 0.00, 0.00, '1', 1, '2022-09-02 07:48:13', NULL, NULL),
	('5018', 'BEBAN PENYUSUTAN PERALATAN', 'BEBAN', 'BEBAN UMUM & ADMINISTRASI', 'Beban Umum & Administrasi', 0.00, 0.00, 0.00, '5018', 0.00, 0.00, 0.00, '1', 1, '2022-09-02 07:48:13', NULL, NULL),
	('5019', 'BEBAN PERAWATAN GEDUNG', 'BEBAN', 'BEBAN UMUM & ADMINISTRASI', 'Beban Umum & Administrasi', 0.00, 0.00, NULL, '5019', 0.00, 0.00, 0.00, '1', 1, '2022-09-02 07:48:13', NULL, NULL),
	('5020', 'BEBAN PERAWATAN TAMAN', 'BEBAN', 'BEBAN UMUM & ADMINISTRASI', 'Beban Umum & Administrasi', 0.00, 0.00, NULL, '5020', 0.00, 0.00, 0.00, '1', 1, '2022-09-02 07:48:13', NULL, NULL),
	('5021', 'BEBAN PERAWATAN BERKALA', 'BEBAN', 'BEBAN UMUM & ADMINISTRASI', 'Beban Umum & Administrasi', 0.00, 0.00, NULL, '5021', 0.00, 0.00, 0.00, '1', 1, '2022-09-02 07:48:13', NULL, NULL),
	('5022', 'BEBAN HEREGISTRASI SURAT KENDARAAN', 'BEBAN', 'BEBAN UMUM & ADMINISTRASI', 'Beban Umum & Administrasi', 0.00, 0.00, NULL, '5022', 0.00, 0.00, 0.00, '1', 1, '2022-09-02 07:48:13', NULL, NULL),
	('5023', 'BEBAN PERAWATAN PERALATAN KANTOR', 'BEBAN', 'BEBAN UMUM & ADMINISTRASI', 'Beban Umum & Administrasi', 0.00, 0.00, NULL, '5023', 0.00, 0.00, 0.00, '1', 1, '2022-09-02 07:48:13', NULL, NULL),
	('5024', 'BEBAN PERAWATAN KOMPUTER, JARINGAN INTERNET, DAN TELEPON', 'BEBAN', 'BEBAN UMUM & ADMINISTRASI', 'Beban Umum & Administrasi', 0.00, 0.00, NULL, '5024', 0.00, 0.00, 0.00, '1', 1, '2022-09-02 07:48:13', NULL, NULL),
	('5025', 'BEBAN PERAWATAN MEBELER', 'BEBAN', 'BEBAN UMUM & ADMINISTRASI', 'Beban Umum & Administrasi', 0.00, 0.00, NULL, '5025', 0.00, 0.00, 0.00, '1', 1, '2022-09-02 07:48:13', NULL, NULL),
	('5026', 'BEBAN PERAWATAN INSTALASI LISTRIK/AIR/AC', 'BEBAN', 'BEBAN UMUM & ADMINISTRASI', 'Beban Umum & Administrasi', 0.00, 0.00, NULL, '5026', 0.00, 0.00, 0.00, '1', 1, '2022-09-02 07:48:13', NULL, NULL),
	('5027', 'BEBAN INSTALASI LISTRIK', 'BEBAN', 'BEBAN UMUM & ADMINISTRASI', 'Beban Umum & Administrasi', 0.00, 0.00, NULL, '5027', 0.00, 0.00, 0.00, '1', 1, '2022-09-02 07:48:13', NULL, NULL),
	('5028', 'BEBAN INSTALASI TELEPON', 'BEBAN', 'BEBAN UMUM & ADMINISTRASI', 'Beban Umum & Administrasi', 0.00, 0.00, NULL, '5028', 0.00, 0.00, 0.00, '1', 1, '2022-09-02 07:48:13', NULL, NULL),
	('5029', 'BEBAN INSTALASI AIR', 'BEBAN', 'BEBAN UMUM & ADMINISTRASI', 'Beban Umum & Administrasi', 0.00, 0.00, NULL, '5029', 0.00, 0.00, 0.00, '1', 1, '2022-09-02 07:48:13', NULL, NULL),
	('5030', 'BEBAN KUNJUNGAN TAMU DAN AKOMODASI', 'BEBAN', 'BEBAN UMUM & ADMINISTRASI', 'Beban Umum & Administrasi', 0.00, 0.00, NULL, '5030', 0.00, 0.00, 0.00, '1', 1, '2022-09-02 07:48:13', NULL, NULL),
	('5031', 'BEBAN PEMERIKSAAN KEUANGAN', 'BEBAN', 'BEBAN UMUM & ADMINISTRASI', 'Beban Umum & Administrasi', 0.00, 0.00, NULL, '5031', 0.00, 0.00, 0.00, '1', 1, '2022-09-02 07:48:13', NULL, NULL),
	('5032', 'BEBAN DUKUNGAN PEMERIKSAAN/WASRIK', 'BEBAN', 'BEBAN UMUM & ADMINISTRASI', 'Beban Umum & Administrasi', 0.00, 0.00, NULL, '5032', 0.00, 0.00, 0.00, '1', 1, '2022-09-02 07:48:13', NULL, NULL),
	('5101', 'BEBAN GAJI DAN TUNJANGAN PEGAWAI TETAP DOSEN', 'BEBAN', 'BEBAN KEPENDIDIKAN & KEPESERTADIDIKAN HONOR DAN INSENTIF', 'Beban Kependidikan & Kepesertadidikan Honor Dan Insentif', 0.00, 0.00, NULL, '5101', 0.00, 0.00, 0.00, '1', 1, '2022-09-02 07:48:13', NULL, NULL),
	('5102', 'BEBAN GAJI DAN TUNJANGAN PEGAWAI TETAP KEPENDIDIKAN', 'BEBAN', 'BEBAN KEPENDIDIKAN & KEPESERTADIDIKAN HONOR DAN INSENTIF', 'Beban Kependidikan & Kepesertadidikan Honor Dan Insentif', 0.00, 0.00, NULL, '5102', 0.00, 0.00, 0.00, '1', 1, '2022-09-02 07:48:13', NULL, NULL),
	('5103', 'BEBAN GAJI DAN TUNJANGAN PEGAWAI TETAP PENGEMUDI', 'BEBAN', 'BEBAN KEPENDIDIKAN & KEPESERTADIDIKAN HONOR DAN INSENTIF', 'Beban Kependidikan & Kepesertadidikan Honor Dan Insentif', 0.00, 0.00, NULL, '5103', 0.00, 0.00, 0.00, '1', 1, '2022-09-02 07:48:13', NULL, NULL),
	('5104', 'BEBAN HOME BASE NIDN/NIDK', 'BEBAN', 'BEBAN KEPENDIDIKAN & KEPESERTADIDIKAN HONOR DAN INSENTIF', 'Beban Kependidikan & Kepesertadidikan Honor Dan Insentif', 0.00, 0.00, NULL, '5104', 0.00, 0.00, 0.00, '1', 1, '2022-09-02 07:48:13', NULL, NULL),
	('5105', 'BEBAN INSENTIF STAF ORGANK', 'BEBAN', 'BEBAN KEPENDIDIKAN & KEPESERTADIDIKAN HONOR DAN INSENTIF', 'Beban Kependidikan & Kepesertadidikan Honor Dan Insentif', 0.00, 0.00, NULL, '5105', 0.00, 0.00, 0.00, '1', 1, '2022-09-02 07:48:13', NULL, NULL),
	('5106', 'BEBAN HONOR DAN TUNJANGAN TENAGA PURNAWIRAWAN', 'BEBAN', 'BEBAN KEPENDIDIKAN & KEPESERTADIDIKAN HONOR DAN INSENTIF', 'Beban Kependidikan & Kepesertadidikan Honor Dan Insentif', 0.00, 0.00, NULL, '5106', 0.00, 0.00, 0.00, '1', 1, '2022-09-02 07:48:13', NULL, NULL),
	('5107', 'BEBAN INSENTIF TIM PENGAWAS', 'BEBAN', 'BEBAN KEPENDIDIKAN & KEPESERTADIDIKAN HONOR DAN INSENTIF', 'Beban Kependidikan & Kepesertadidikan Honor Dan Insentif', 0.00, 0.00, NULL, '5107', 0.00, 0.00, 0.00, '1', 1, '2022-09-02 07:48:13', NULL, NULL),
	('5108', 'BEBAN TUNJANGAN LAINNYA', 'BEBAN', 'BEBAN KEPENDIDIKAN & KEPESERTADIDIKAN HONOR DAN INSENTIF', 'Beban Kependidikan & Kepesertadidikan Honor Dan Insentif', 0.00, 0.00, NULL, '5108', 0.00, 0.00, 0.00, '1', 1, '2022-09-02 07:48:13', NULL, NULL),
	('5109', 'BEBAN HONOR DOSEN TIDAK TETAP', 'BEBAN', 'BEBAN KEPENDIDIKAN & KEPESERTADIDIKAN HONOR DAN INSENTIF', 'Beban Kependidikan & Kepesertadidikan Honor Dan Insentif', 0.00, 0.00, NULL, '5109', 0.00, 0.00, 0.00, '1', 1, '2022-09-02 07:48:13', NULL, NULL),
	('5110', 'BEBAN INSENTIF PEMBUATAN SOAL', 'BEBAN', 'BEBAN KEPENDIDIKAN & KEPESERTADIDIKAN HONOR DAN INSENTIF', 'Beban Kependidikan & Kepesertadidikan Honor Dan Insentif', 0.00, 0.00, NULL, '5110', 0.00, 0.00, 0.00, '1', 1, '2022-09-02 07:48:13', NULL, NULL),
	('5111', 'BEBAN HONOR PEMBIMBING PRAKTEK/CI', 'BEBAN', 'BEBAN KEPENDIDIKAN & KEPESERTADIDIKAN HONOR DAN INSENTIF', 'Beban Kependidikan & Kepesertadidikan Honor Dan Insentif', 0.00, 0.00, NULL, '5111', 0.00, 0.00, 0.00, '1', 1, '2022-09-02 07:48:13', NULL, NULL),
	('5112', 'BEBAN TUNJANGAN HARI RAYA', 'BEBAN', 'BEBAN KEPENDIDIKAN & KEPESERTADIDIKAN HONOR DAN INSENTIF', 'Beban Kependidikan & Kepesertadidikan Honor Dan Insentif', 0.00, 0.00, NULL, '5112', 0.00, 0.00, 0.00, '1', 1, '2022-09-02 07:48:13', NULL, NULL),
	('5201', 'BEBAN PEMBAYARAN KLAIM RUJUAN ASURANSI KESEHATAN MAHASISWA', 'BEBAN', 'BEBAN KEPENDIDIKAN & KEPESERTADIDIKAN KESEHATAN DAN KESEJAHTERAAN', 'Beban Kependidikan & Kepesertadidikan Kesehatan Dan Kesejahteraan', 0.00, 0.00, NULL, '5201', 0.00, 0.00, 0.00, '1', 1, '2022-09-02 07:48:13', NULL, NULL),
	('5202', 'BEBAN BANTUAN MUSIBAH MAHASISWA DAN STAF', 'BEBAN', 'BEBAN KEPENDIDIKAN & KEPESERTADIDIKAN KESEHATAN DAN KESEJAHTERAAN', 'Beban Kependidikan & Kepesertadidikan Kesehatan Dan Kesejahteraan', 0.00, 0.00, NULL, '5202', 0.00, 0.00, 0.00, '1', 1, '2022-09-02 07:48:13', NULL, NULL),
	('5203', 'BEBAN BANTUAN ACARA CEREMONIAL STAF DAN DOSEN', 'BEBAN', 'BEBAN KEPENDIDIKAN & KEPESERTADIDIKAN KESEHATAN DAN KESEJAHTERAAN', 'Beban Kependidikan & Kepesertadidikan Kesehatan Dan Kesejahteraan', 0.00, 0.00, NULL, '5203', 0.00, 0.00, 0.00, '1', 1, '2022-09-02 07:48:13', NULL, NULL),
	('5204', 'BEBAN DIES NATALIS', 'BEBAN', 'BEBAN KEPENDIDIKAN & KEPESERTADIDIKAN KESEHATAN DAN KESEJAHTERAAN', 'Beban Kependidikan & Kepesertadidikan Kesehatan Dan Kesejahteraan', 0.00, 0.00, NULL, '5204', 0.00, 0.00, 0.00, '1', 1, '2022-09-02 07:48:13', NULL, NULL),
	('5205', 'BEBAN BANTUAN SERAGAM KERJA', 'BEBAN', 'BEBAN KEPENDIDIKAN & KEPESERTADIDIKAN KESEHATAN DAN KESEJAHTERAAN', 'Beban Kependidikan & Kepesertadidikan Kesehatan Dan Kesejahteraan', 0.00, 0.00, NULL, '5205', 0.00, 0.00, 0.00, '1', 1, '2022-09-02 07:48:13', NULL, NULL),
	('5206', 'BEBAN UANG JAGA/PIKET', 'BEBAN', 'BEBAN KEPENDIDIKAN & KEPESERTADIDIKAN KESEHATAN DAN KESEJAHTERAAN', 'Beban Kependidikan & Kepesertadidikan Kesehatan Dan Kesejahteraan', 0.00, 0.00, NULL, '5206', 0.00, 0.00, 0.00, '1', 1, '2022-09-02 07:48:13', NULL, NULL),
	('5207', 'BEBAN BEASISWA MAHASISWA BERPRESTASI', 'BEBAN', 'BEBAN KEPENDIDIKAN & KEPESERTADIDIKAN KESEHATAN DAN KESEJAHTERAAN', 'Beban Kependidikan & Kepesertadidikan Kesehatan Dan Kesejahteraan', 0.00, 0.00, NULL, '5207', 0.00, 0.00, 0.00, '1', 1, '2022-09-02 07:48:13', NULL, NULL),
	('5301', 'BEBAN IURAN APTISI', 'BEBAN', 'BEBAN KEPENDIDIKAN & KEPESERTADIDIKAN ADMINISTRASI AKADEMIK', 'Beban Kependidikan & Kepesertadidikan Administrasi Akademik', 0.00, 0.00, NULL, '5301', 0.00, 0.00, 0.00, '1', 1, '2022-09-02 07:48:13', NULL, NULL),
	('5302', 'BEBAN IURAN ORGANISASI PROFESI (PPNI/IBI)', 'BEBAN', 'BEBAN KEPENDIDIKAN & KEPESERTADIDIKAN ADMINISTRASI AKADEMIK', 'Beban Kependidikan & Kepesertadidikan Administrasi Akademik', 0.00, 0.00, NULL, '5302', 0.00, 0.00, 0.00, '1', 1, '2022-09-02 07:48:13', NULL, NULL),
	('5303', 'BEBAN PEMBUATAN SERAGAM', 'BEBAN', 'BEBAN KEPENDIDIKAN & KEPESERTADIDIKAN ADMINISTRASI AKADEMIK', 'Beban Kependidikan & Kepesertadidikan Administrasi Akademik', 0.00, 0.00, NULL, '5303', 0.00, 0.00, 0.00, '1', 1, '2022-09-02 07:48:13', NULL, NULL),
	('5304', 'BEBAN UJIAN UTS/UAS', 'BEBAN', 'BEBAN KEPENDIDIKAN & KEPESERTADIDIKAN ADMINISTRASI AKADEMIK', 'Beban Kependidikan & Kepesertadidikan Administrasi Akademik', 0.00, 0.00, NULL, '5304', 0.00, 0.00, 0.00, '1', 1, '2022-09-02 07:48:13', NULL, NULL),
	('5305', 'BEBAN BUKA/TUTUP PENDIDIKAN', 'BEBAN', 'BEBAN KEPENDIDIKAN & KEPESERTADIDIKAN ADMINISTRASI AKADEMIK', 'Beban Kependidikan & Kepesertadidikan Administrasi Akademik', 0.00, 0.00, NULL, '5305', 0.00, 0.00, 0.00, '1', 1, '2022-09-02 07:48:13', NULL, NULL),
	('5306', 'BEBAN UJI KOMPETENSI/UHAP', 'BEBAN', 'BEBAN KEPENDIDIKAN & KEPESERTADIDIKAN ADMINISTRASI AKADEMIK', 'Beban Kependidikan & Kepesertadidikan Administrasi Akademik', 0.00, 0.00, NULL, '5306', 0.00, 0.00, 0.00, '1', 1, '2022-09-02 07:48:13', NULL, NULL),
	('5307', 'BEBAN KARYA TULIS ILMIAH', 'BEBAN', 'BEBAN KEPENDIDIKAN & KEPESERTADIDIKAN ADMINISTRASI AKADEMIK', 'Beban Kependidikan & Kepesertadidikan Administrasi Akademik', 0.00, 0.00, NULL, '5307', 0.00, 0.00, 0.00, '1', 1, '2022-09-02 07:48:13', NULL, NULL),
	('5308', 'BEBAN UJIAN SKILL', 'BEBAN', 'BEBAN KEPENDIDIKAN & KEPESERTADIDIKAN ADMINISTRASI AKADEMIK', 'Beban Kependidikan & Kepesertadidikan Administrasi Akademik', 0.00, 0.00, NULL, '5308', 0.00, 0.00, 0.00, '1', 1, '2022-09-02 07:48:13', NULL, NULL),
	('5309', 'BEBAN ADMINISTRASI KOPERTIS ', 'BEBAN', 'BEBAN KEPENDIDIKAN & KEPESERTADIDIKAN ADMINISTRASI AKADEMIK', 'Beban Kependidikan & Kepesertadidikan Administrasi Akademik', 0.00, 0.00, NULL, '5309', 0.00, 0.00, 0.00, '1', 1, '2022-09-02 07:48:13', NULL, NULL),
	('5401', 'BEBAN PRAKTEK KLINIK DAN LAPANGAN', 'BEBAN', 'BEBAN KEPENDIDIKAN & KEPESERTADIDIKAN KEGIATAN ILMIAH DAN AKADEMIK', 'Beban Kependidikan & Kepesertadidikan Kegiatan Ilmiah Dan Akademik', 0.00, 0.00, NULL, '5401', 0.00, 0.00, 0.00, '1', 1, '2022-09-02 07:48:13', NULL, NULL),
	('5402', 'BEBAN PRAKTIKUM', 'BEBAN', 'BEBAN KEPENDIDIKAN & KEPESERTADIDIKAN KEGIATAN ILMIAH DAN AKADEMIK', 'Beban Kependidikan & Kepesertadidikan Kegiatan Ilmiah Dan Akademik', 0.00, 0.00, NULL, '5402', 0.00, 0.00, 0.00, '1', 1, '2022-09-02 07:48:13', NULL, NULL),
	('5403', 'BEBAN PENYELENGGARAAN SEMINAR DAN LOKAKARYA', 'BEBAN', 'BEBAN KEPENDIDIKAN & KEPESERTADIDIKAN KEGIATAN ILMIAH DAN AKADEMIK', 'Beban Kependidikan & Kepesertadidikan Kegiatan Ilmiah Dan Akademik', 0.00, 0.00, NULL, '5403', 0.00, 0.00, 0.00, '1', 1, '2022-09-02 07:48:13', NULL, NULL),
	('5404', 'BEBAN PENERBITAN BUKU/JURNAL RISET', 'BEBAN', 'BEBAN KEPENDIDIKAN & KEPESERTADIDIKAN KEGIATAN ILMIAH DAN AKADEMIK', 'Beban Kependidikan & Kepesertadidikan Kegiatan Ilmiah Dan Akademik', 0.00, 0.00, NULL, '5404', 0.00, 0.00, 0.00, '1', 1, '2022-09-02 07:48:13', NULL, NULL),
	('5405', 'BEBAN PENYELENGGARAAN KURUS BAHASA INGGRIS MAHASISWA', 'BEBAN', 'BEBAN KEPENDIDIKAN & KEPESERTADIDIKAN KEGIATAN ILMIAH DAN AKADEMIK', 'Beban Kependidikan & Kepesertadidikan Kegiatan Ilmiah Dan Akademik', 0.00, 0.00, NULL, '5405', 0.00, 0.00, 0.00, '1', 1, '2022-09-02 07:48:13', NULL, NULL),
	('5406', 'BEBAN PENYELENGGARAAN KULIAH TAMU', 'BEBAN', 'BEBAN KEPENDIDIKAN & KEPESERTADIDIKAN KEGIATAN ILMIAH DAN AKADEMIK', 'Beban Kependidikan & Kepesertadidikan Kegiatan Ilmiah Dan Akademik', 0.00, 0.00, NULL, '5406', 0.00, 0.00, 0.00, '1', 1, '2022-09-02 07:48:13', NULL, NULL),
	('5501', 'BEBAN BADAN PENJAMIN MUTU', 'BEBAN', 'BEBAN KEPENDIDIKAN & KEPESERTADIDIKAN KEGIATAN KEMAHASISWAAN', 'Beban Kependidikan & Kepesertadidikan Kegiatan Kemahasiswaan', 0.00, 0.00, NULL, '5501', 0.00, 0.00, 0.00, '1', 1, '2022-09-02 07:48:13', NULL, NULL),
	('5502', 'BEBAN BADAN PENELITIAN PENGABDIAN MASYARAKAT', 'BEBAN', 'BEBAN KEPENDIDIKAN & KEPESERTADIDIKAN KEGIATAN KEMAHASISWAAN', 'Beban Kependidikan & Kepesertadidikan Kegiatan Kemahasiswaan', 0.00, 0.00, NULL, '5502', 0.00, 0.00, 0.00, '1', 1, '2022-09-02 07:48:13', NULL, NULL),
	('5503', 'BEBAN BAGIAN ADMINISTRASI AKADEMIK', 'BEBAN', 'BEBAN KEPENDIDIKAN & KEPESERTADIDIKAN KEGIATAN KEMAHASISWAAN', 'Beban Kependidikan & Kepesertadidikan Kegiatan Kemahasiswaan', 0.00, 0.00, NULL, '5503', 0.00, 0.00, 0.00, '1', 1, '2022-09-02 07:48:13', NULL, NULL),
	('5504', 'BEBAN BADAN PUSAT STUDI', 'BEBAN', 'BEBAN KEPENDIDIKAN & KEPESERTADIDIKAN KEGIATAN KEMAHASISWAAN', 'Beban Kependidikan & Kepesertadidikan Kegiatan Kemahasiswaan', 0.00, 0.00, NULL, '5504', 0.00, 0.00, 0.00, '1', 1, '2022-09-02 07:48:13', NULL, NULL),
	('5505', 'BEBAN BAGIAN ADMINISTRASI UMUM', 'BEBAN', 'BEBAN KEPENDIDIKAN & KEPESERTADIDIKAN KEGIATAN KEMAHASISWAAN', 'Beban Kependidikan & Kepesertadidikan Kegiatan Kemahasiswaan', 0.00, 0.00, NULL, '5505', 0.00, 0.00, 0.00, '1', 1, '2022-09-02 07:48:13', NULL, NULL),
	('5506', 'BEBAN BAGIAN KEUANGAN', 'BEBAN', 'BEBAN KEPENDIDIKAN & KEPESERTADIDIKAN KEGIATAN KEMAHASISWAAN', 'Beban Kependidikan & Kepesertadidikan Kegiatan Kemahasiswaan', 0.00, 0.00, NULL, '5506', 0.00, 0.00, 0.00, '1', 1, '2022-09-02 07:48:13', NULL, NULL),
	('5507', 'BEBAN BIRO KERJA SAMA', 'BEBAN', 'BEBAN KEPENDIDIKAN & KEPESERTADIDIKAN KEGIATAN KEMAHASISWAAN', 'Beban Kependidikan & Kepesertadidikan Kegiatan Kemahasiswaan', 0.00, 0.00, NULL, '5507', 0.00, 0.00, 0.00, '1', 1, '2022-09-02 07:48:13', NULL, NULL),
	('5508', 'BEBAN BIRO MAHASISWA DAN ALUMNI (GIAT MAHASISWA)', 'BEBAN', 'BEBAN KEPENDIDIKAN & KEPESERTADIDIKAN KEGIATAN KEMAHASISWAAN', 'Beban Kependidikan & Kepesertadidikan Kegiatan Kemahasiswaan', 0.00, 0.00, NULL, '5508', 0.00, 0.00, 0.00, '1', 1, '2022-09-02 07:48:13', NULL, NULL),
	('5509', 'BEBAN UNIT PENGELOLA TEKNIK DAN INFORMASI', 'BEBAN', 'BEBAN KEPENDIDIKAN & KEPESERTADIDIKAN KEGIATAN KEMAHASISWAAN', 'Beban Kependidikan & Kepesertadidikan Kegiatan Kemahasiswaan', 0.00, 0.00, NULL, '5509', 0.00, 0.00, 0.00, '1', 1, '2022-09-02 07:48:13', NULL, NULL),
	('5601', 'BEBAN SEMINAR DAN LOKAKARYA DOSEN/STAF POLTEKKES', 'BEBAN', 'BEBAN KEPENDIDIKAN & KEPESERTADIDIKAN PENGEMBANGAN SUMBER DAYA MANUSIA', 'Beban Kependidikan & Kepesertadidikan Pengembangan Sumber Daya Manusia', 0.00, 0.00, NULL, '5601', 0.00, 0.00, 0.00, '1', 1, '2022-09-02 07:48:13', NULL, NULL),
	('5602', 'BEBAN BANTUAN PENDIDIKAN S-2 STAF/DOSEN POLTEKKES', 'BEBAN', 'BEBAN KEPENDIDIKAN & KEPESERTADIDIKAN PENGEMBANGAN SUMBER DAYA MANUSIA', 'Beban Kependidikan & Kepesertadidikan Pengembangan Sumber Daya Manusia', 0.00, 0.00, NULL, '5602', 0.00, 0.00, 0.00, '1', 1, '2022-09-02 07:48:13', NULL, NULL),
	('5603', 'BEBAN PENGEMBANGAN SARANA DAN PRASARANA', 'BEBAN', 'BEBAN KEPENDIDIKAN & KEPESERTADIDIKAN PENGEMBANGAN SUMBER DAYA MANUSIA', 'Beban Kependidikan & Kepesertadidikan Pengembangan Sumber Daya Manusia', 0.00, 0.00, NULL, '5603', 0.00, 0.00, 0.00, '1', 1, '2022-09-02 07:48:13', NULL, NULL),
	('5604', 'BEBAN PENGEMBANGAN INSTITUSI', 'BEBAN', 'BEBAN KEPENDIDIKAN & KEPESERTADIDIKAN PENGEMBANGAN SUMBER DAYA MANUSIA', 'Beban Kependidikan & Kepesertadidikan Pengembangan Sumber Daya Manusia', 0.00, 0.00, NULL, '5604', 0.00, 0.00, 0.00, '1', 1, '2022-09-02 07:48:13', NULL, NULL),
	('5605', 'BEBAN RAKORDIK DIKNAKES DITKESAD', 'BEBAN', 'BEBAN KEPENDIDIKAN & KEPESERTADIDIKAN PENGEMBANGAN SUMBER DAYA MANUSIA', 'Beban Kependidikan & Kepesertadidikan Pengembangan Sumber Daya Manusia', 0.00, 0.00, NULL, '5605', 0.00, 0.00, 0.00, '1', 1, '2022-09-02 07:48:13', NULL, NULL),
	('5606', 'BEBAN DUKUNGAN OPERASIONAL KOMANDO ATAS', 'BEBAN', 'BEBAN KEPENDIDIKAN & KEPESERTADIDIKAN PENGEMBANGAN SUMBER DAYA MANUSIA', 'Beban Kependidikan & Kepesertadidikan Pengembangan Sumber Daya Manusia', 0.00, 0.00, NULL, '5606', 0.00, 0.00, 0.00, '1', 1, '2022-09-02 07:48:13', NULL, NULL),
	('5607', 'BEBAN DUKUNGAN KEGIATAN KOMANDO ATAS', 'BEBAN', 'BEBAN KEPENDIDIKAN & KEPESERTADIDIKAN PENGEMBANGAN SUMBER DAYA MANUSIA', 'Beban Kependidikan & Kepesertadidikan Pengembangan Sumber Daya Manusia', 0.00, 0.00, NULL, '5607', 0.00, 0.00, 0.00, '1', 1, '2022-09-02 07:48:13', NULL, NULL),
	('5701', 'PPN PEMBELIAN', 'BEBAN', 'BEBAN LAIN-LAIN', 'Beban Lain-Lain', 0.00, 0.00, 0.00, '5701', 0.00, 0.00, 0.00, '1', NULL, '2022-10-28 01:28:40', NULL, NULL),
	('5702', 'BIAYA ONGKOS KIRIM', 'BEBAN', 'BEBAN LAIN-LAIN', 'Beban Lain-Lain', 0.00, 0.00, 0.00, '5702', 0.00, 0.00, 0.00, '1', NULL, '2022-10-28 01:29:19', NULL, NULL),
	('5901', 'BEBAN ADMINISTRASI BANK', 'BEBAN', 'BEBAN LAIN-LAIN', 'Beban Lain-Lain', 0.00, 0.00, NULL, '5901', 0.00, 0.00, 0.00, '1', 1, '2022-09-02 07:48:13', NULL, NULL),
	('5902', 'BEBAN LAIN-LAIN', 'BEBAN', 'BEBAN LAIN-LAIN', 'Beban Lain-Lain', 0.00, 0.00, NULL, '5902', 0.00, 0.00, 0.00, '1', 1, '2022-09-02 07:48:13', NULL, NULL),
	('5903', 'BEBAN PAJAK BANK', 'BEBAN', 'BEBAN LAIN-LAIN', 'Beban Lain-Lain', 0.00, 0.00, NULL, '5903', 0.00, 0.00, 0.00, '1', 1, '2022-09-02 07:48:13', NULL, NULL),
	('5904', 'BEBAN PAJAK BADAN', 'BEBAN', 'BEBAN LAIN-LAIN', 'Beban Lain-Lain', 0.00, 0.00, NULL, '5904', 0.00, 0.00, 0.00, '1', 1, '2022-09-02 07:48:13', NULL, NULL),
	('5905', 'BEBAN LAIN-LAIN RLP KEPERAWATAN', 'BEBAN', 'BEBAN LAIN-LAIN', 'Beban Lain-Lain', 0.00, 0.00, NULL, '5905', 0.00, 0.00, 0.00, '1', 1, '2022-09-02 07:48:13', NULL, NULL),
	('5906', 'BEBAN LAIN-LAIN REGULER KHUSUS AKUPUNTUR', 'BEBAN', 'BEBAN LAIN-LAIN', 'Beban Lain-Lain', 0.00, 0.00, NULL, '5906', 0.00, 0.00, 0.00, '1', 1, '2022-09-02 07:48:13', NULL, NULL),
	('5907', 'BEBAN HIBAH PENELITIAN', 'BEBAN', 'BEBAN LAIN-LAIN', 'Beban Lain-Lain', 0.00, 0.00, NULL, '5907', 0.00, 0.00, 0.00, '1', 1, '2022-09-02 07:48:13', NULL, NULL),
	('5908', 'BEBAN SIPENMARU DIBAYAR DIMUKA', 'BEBAN', 'BEBAN LAIN-LAIN', 'Beban Lain-Lain', 0.00, 0.00, NULL, '5908', 0.00, 0.00, 0.00, '1', 1, '2022-09-02 07:48:13', NULL, NULL),
	('5909', 'BEBAN PRA OPERASIONAL', 'BEBAN', 'BEBAN LAIN-LAIN', 'Beban Lain-Lain', 0.00, 0.00, NULL, '5909', 0.00, 0.00, 0.00, '1', 1, '2022-09-02 07:48:13', NULL, NULL),
	('5910', 'BEBAN HONORARIUM TIM POLTEKKES', 'BEBAN', 'BEBAN LAIN-LAIN', 'Beban Lain-Lain', 0.00, 0.00, NULL, '5910', 0.00, 0.00, 0.00, '1', 1, '2022-09-02 07:48:13', NULL, NULL),
	('5911', 'BEBAN PENGEMBALIAN ASRAMA MABA TA 2019/2020', 'BEBAN', 'BEBAN LAIN-LAIN', 'Beban Lain-Lain', 0.00, 0.00, NULL, '5911', 0.00, 0.00, 0.00, '1', 1, '2022-09-02 07:48:13', NULL, NULL),
	('5912', 'BEBAN PENGEMBALIAN REGISTRASI MABA TA 2019/2020', 'BEBAN', 'BEBAN LAIN-LAIN', 'Beban Lain-Lain', 0.00, 0.00, NULL, '5912', 0.00, 0.00, 0.00, '1', 1, '2022-09-02 07:48:13', NULL, NULL),
	('5913', 'BEBAN SERAGAM MABA', 'BEBAN', 'BEBAN LAIN-LAIN', 'Beban Lain-Lain', 0.00, 0.00, NULL, '5913', 0.00, 0.00, 0.00, '1', 1, '2022-09-02 07:48:13', NULL, NULL),
	('5914', 'BEBAN PKKMB', 'BEBAN', 'BEBAN LAIN-LAIN', 'Beban Lain-Lain', 0.00, 0.00, NULL, '5914', 0.00, 0.00, 0.00, '1', 1, '2022-09-02 07:48:13', NULL, NULL),
	('5915', 'BEBAN FEE KEMITRAAN', 'BEBAN', 'BEBAN LAIN-LAIN', 'Beban Lain-Lain', 0.00, 0.00, NULL, '5915', 0.00, 0.00, 0.00, '1', 1, '2022-09-02 07:48:13', NULL, NULL),
	('5916', 'BEBAN REGULER KHUSUS AKUPUNTUR', 'BEBAN', 'BEBAN LAIN-LAIN', 'Beban Lain-Lain', 0.00, 0.00, NULL, '5916', 0.00, 0.00, 0.00, '1', 1, '2022-09-02 07:48:13', NULL, NULL),
	('5917', 'BEBAN REGULER KHUSUS FARMASI', 'BEBAN', 'BEBAN LAIN-LAIN', 'Beban Lain-Lain', 0.00, 0.00, NULL, '5917', 0.00, 0.00, 0.00, '1', 1, '2022-09-02 07:48:13', NULL, NULL),
	('5918', 'BEBAN SEMESTER PENDEK', 'BEBAN', 'BEBAN LAIN-LAIN', 'Beban Lain-Lain', 0.00, 0.00, NULL, '5918', 0.00, 0.00, 0.00, '1', 1, '2022-09-02 07:48:13', NULL, NULL),
	('5919', 'BEBAN REGULER KHUSUS FISIOTERAPI', 'BEBAN', 'BEBAN LAIN-LAIN', 'Beban Lain-Lain', 0.00, 0.00, NULL, '5919', 0.00, 0.00, 0.00, '1', 1, '2022-09-02 07:48:13', NULL, NULL),
	('5920', 'BEBAN PENGEMBALIAN UANG KULIAH TUNGGAL', 'BEBAN', 'BEBAN LAIN-LAIN', 'Beban Lain-Lain', 0.00, 0.00, NULL, '5920', 0.00, 0.00, 0.00, '1', 1, '2022-09-02 07:48:13', NULL, NULL),
	('5921', 'BEBAN PENGEMBALIAN DPP MAHASISWA GELOMBANG 1', 'BEBAN', 'BEBAN LAIN-LAIN', 'Beban Lain-Lain', 0.00, 0.00, NULL, '5921', 0.00, 0.00, 0.00, '1', 1, '2022-09-02 07:48:13', NULL, '2022-10-28 00:57:15'),
	('6001', 'HPP BARANG', 'HPP', 'HPP', 'HPP', 0.00, 0.00, 0.00, '6001', 0.00, 0.00, 0.00, '1', NULL, '2022-10-28 00:55:58', NULL, '2022-10-28 00:56:14');

-- Dumping structure for table keuanganrab.coa_penghubung
DROP TABLE IF EXISTS `coa_penghubung`;
CREATE TABLE IF NOT EXISTS `coa_penghubung` (
  `n_penghubung` varchar(12) NOT NULL,
  `akun` varchar(12) NOT NULL,
  `deskripsi` varchar(255) DEFAULT NULL,
  `created_by` int(11) DEFAULT NULL,
  `created_at` timestamp NULL DEFAULT CURRENT_TIMESTAMP,
  `updated_by` int(11) DEFAULT NULL,
  `updated_at` timestamp NULL DEFAULT NULL ON UPDATE CURRENT_TIMESTAMP,
  PRIMARY KEY (`n_penghubung`)
) ENGINE=InnoDB DEFAULT CHARSET=utf8;

-- Dumping data for table keuanganrab.coa_penghubung: ~26 rows (approximately)
REPLACE INTO `coa_penghubung` (`n_penghubung`, `akun`, `deskripsi`, `created_by`, `created_at`, `updated_by`, `updated_at`) VALUES
	('ag', '5901', 'COA: Beban utk administrasi bank', NULL, '2022-06-14 06:11:56', 1, '2022-10-28 01:42:55'),
	('ao', '1004', 'test test', 1, '2022-10-31 07:15:40', 1, '2022-10-31 07:39:19'),
	('bg', '1002', 'bank agunan', NULL, '2022-06-14 06:11:56', 1, '2022-10-28 01:43:34'),
	('bkb', '5702', 'Ongkos kirim pembelain', NULL, '2022-06-14 06:11:56', 1, '2022-10-28 01:34:54'),
	('bkj', '4101', 'COA Ongkos kirim ppenualan', NULL, '2022-06-14 06:11:56', 1, '2022-10-28 01:37:20'),
	('dbt', '1002', 'dbt for bank', NULL, '2022-06-14 06:11:56', 1, '2022-10-28 01:43:52'),
	('dsk', '5902', 'COA Diskon penghubung', NULL, '2022-06-14 06:11:56', 1, '2022-10-28 01:38:04'),
	('dsp', '5902', 'Biaya diskon pembelian', NULL, '2022-06-14 06:11:56', 1, '2022-10-28 01:33:55'),
	('hg', '2202', 'hutang hg', NULL, '2022-06-14 06:11:56', 1, '2022-10-28 01:45:43'),
	('im1', '-', NULL, NULL, '2022-06-14 06:11:56', NULL, NULL),
	('im2', '-', NULL, NULL, '2022-06-14 06:11:56', NULL, NULL),
	('im3', '-', NULL, NULL, '2022-06-14 06:11:56', NULL, NULL),
	('kas', '1001', 'Penghubung untuk transaksi berhubungan dengan kas', NULL, '2022-06-14 06:11:56', 1, '2022-10-28 01:20:16'),
	('krd', '1002', 'kredit for bank', NULL, '2022-06-14 06:11:56', 1, '2022-10-28 01:46:13'),
	('lln', '5902', 'Biayan lain-lain for lain-lain transaksi', NULL, '2022-06-14 06:11:56', 1, '2022-10-28 01:46:37'),
	('pb', '5701', 'PPN utk pembelian', NULL, '2022-06-14 06:11:56', 1, '2022-10-28 01:32:32'),
	('pj', '2301', 'PPN penjualan', NULL, '2022-06-14 06:11:56', 1, '2022-10-28 01:36:23'),
	('pk', '4904', 'test test', 1, '2022-10-31 07:04:12', NULL, NULL),
	('ppn', '2301', 'PPN PENJUALAN', NULL, '2022-06-14 06:11:56', 1, '2022-10-28 01:23:48'),
	('pw', '4013', 'test testing', 1, '2022-10-31 07:02:39', 1, '2022-10-31 07:03:18'),
	('rl', '3101', 'untuk laba rugi', NULL, '2022-06-14 06:11:56', 1, '2022-10-28 01:20:36'),
	('teller', '1001', 'for teller kas cash', NULL, '2022-06-14 06:11:56', 1, '2022-10-28 01:47:18'),
	('umb', '1102', 'Coa Uang muka pembelian', NULL, '2022-06-14 06:11:56', 1, '2022-10-28 01:49:33'),
	('umj', '2203', 'COA Uang muka penjualan', NULL, '2022-06-14 06:11:56', 1, '2022-10-28 01:51:49');

-- Dumping structure for table keuanganrab.dcosting
DROP TABLE IF EXISTS `dcosting`;
CREATE TABLE IF NOT EXISTS `dcosting` (
  `n_costing` varchar(15) NOT NULL,
  `n_barang` varchar(15) NOT NULL,
  `jumlah` int(11) DEFAULT NULL,
  `harga` double(15,2) DEFAULT '0.00',
  `satuan` varchar(20) DEFAULT NULL,
  `created_by` int(11) DEFAULT NULL,
  `created_at` timestamp NOT NULL DEFAULT CURRENT_TIMESTAMP,
  `updated_by` int(11) DEFAULT NULL,
  `updated_at` timestamp NULL DEFAULT NULL ON UPDATE CURRENT_TIMESTAMP
) ENGINE=InnoDB DEFAULT CHARSET=utf8;

-- Dumping data for table keuanganrab.dcosting: ~0 rows (approximately)

-- Dumping structure for table keuanganrab.dhutang
DROP TABLE IF EXISTS `dhutang`;
CREATE TABLE IF NOT EXISTS `dhutang` (
  `n_hutang` varchar(15) NOT NULL,
  `n_pembelian` varchar(15) NOT NULL,
  `tanggal` date DEFAULT NULL,
  `keterangan` varchar(255) DEFAULT NULL,
  `bayar` double(15,2) DEFAULT '0.00',
  `cara_bayar` varchar(5) DEFAULT NULL,
  `n_bayar` varchar(12) DEFAULT NULL,
  `created_by` int(11) DEFAULT NULL,
  `created_at` timestamp NOT NULL DEFAULT CURRENT_TIMESTAMP,
  `updated_by` int(11) DEFAULT NULL,
  `updated_at` timestamp NULL DEFAULT NULL ON UPDATE CURRENT_TIMESTAMP
) ENGINE=InnoDB DEFAULT CHARSET=utf8;

-- Dumping data for table keuanganrab.dhutang: ~0 rows (approximately)

-- Dumping structure for table keuanganrab.djurnal
DROP TABLE IF EXISTS `djurnal`;
CREATE TABLE IF NOT EXISTS `djurnal` (
  `n_jurnal` varchar(15) NOT NULL,
  `tanggal` date DEFAULT NULL,
  `akun` varchar(12) NOT NULL,
  `debet` double(15,2) DEFAULT '0.00',
  `kredit` double(15,2) DEFAULT '0.00',
  `status_valid` varchar(1) DEFAULT NULL,
  `created_by` int(11) DEFAULT NULL,
  `created_at` timestamp NOT NULL DEFAULT CURRENT_TIMESTAMP,
  `updated_by` int(11) DEFAULT NULL,
  `updated_at` timestamp NULL DEFAULT NULL ON UPDATE CURRENT_TIMESTAMP
) ENGINE=InnoDB DEFAULT CHARSET=utf8;

-- Dumping data for table keuanganrab.djurnal: ~15 rows (approximately)
REPLACE INTO `djurnal` (`n_jurnal`, `tanggal`, `akun`, `debet`, `kredit`, `status_valid`, `created_by`, `created_at`, `updated_by`, `updated_at`) VALUES
	('GL202211240001', '2022-11-24', '1001', 0.00, 50000.00, 'a', 1, '2022-11-24 04:34:51', NULL, NULL),
	('GL202211240001', '2022-11-24', '5005', 50000.00, 0.00, 'a', 1, '2022-11-24 04:34:51', NULL, NULL),
	('GL202211240002', '2022-11-24', '1001', 50000000.00, 0.00, 'a', 1, '2022-11-24 06:57:41', NULL, NULL),
	('GL202211240002', '2022-11-24', '4001', 0.00, 50000000.00, 'a', 1, '2022-11-24 06:57:41', NULL, '2022-11-24 07:01:14'),
	('GL202211240003', '2022-11-24', '1003', 5000000.00, 0.00, 'a', 1, '2022-11-24 06:58:50', NULL, NULL),
	('GL202211240003', '2022-11-24', '1002', 5000000.00, 0.00, 'a', 1, '2022-11-24 06:58:50', NULL, NULL),
	('GL202211240003', '2022-11-24', '4001', 0.00, 10000000.00, 'a', 1, '2022-11-24 06:58:50', NULL, '2022-11-24 07:01:14'),
	('GL202211250004', '2022-11-25', '1001', 5000000.00, 0.00, 'a', 1, '2022-11-25 01:05:40', NULL, NULL),
	('GL202211250004', '2022-11-25', '5918', 0.00, 5000000.00, 'a', 1, '2022-11-25 01:05:40', NULL, NULL),
	('GL202211250005', '2022-11-25', '1001', 0.00, 5000000.00, 'a', 1, '2022-11-25 01:37:41', NULL, NULL),
	('GL202211250005', '2022-11-25', '1002', 5000000.00, 0.00, 'a', 1, '2022-11-25 01:37:41', NULL, NULL),
	('GL202211250006', '2022-11-25', '1002', 0.00, 5000000.00, 'a', 1, '2022-11-25 01:39:38', NULL, NULL),
	('GL202211250006', '2022-11-25', '1303', 5000000.00, 0.00, 'a', 1, '2022-11-25 01:39:38', NULL, NULL),
	('GL202211250007', '2022-11-25', '1001', 150000.00, 0.00, 'a', 1, '2022-11-25 01:54:05', NULL, NULL),
	('GL202211250007', '2022-11-25', '4009', 0.00, 150000.00, 'a', 1, '2022-11-25 01:54:05', NULL, NULL),
	('GL202211250008', '2022-11-25', '1002', 10000000.00, 0.00, 'a', 1, '2022-11-25 01:59:07', NULL, NULL),
	('GL202211250008', '2022-11-25', '4901', 0.00, 10000000.00, 'a', 1, '2022-11-25 01:59:07', NULL, NULL),
	('GL202211250009', '2022-11-25', '1001', 0.00, 5000000.00, 'a', 1, '2022-11-25 02:02:41', NULL, NULL),
	('GL202211250009', '2022-11-25', '5002', 5000000.00, 0.00, 'a', 1, '2022-11-25 02:02:41', NULL, NULL),
	('GL202211250010', '2022-11-25', '1002', 0.00, 500000.00, 'a', 1, '2022-11-25 02:03:28', NULL, NULL),
	('GL202211250010', '2022-11-25', '5012', 500000.00, 0.00, 'a', 1, '2022-11-25 02:03:28', NULL, NULL),
	('GL202211250011', '2022-11-25', '1001', 0.00, 300000.00, 'b', 1, '2022-11-25 03:05:11', NULL, NULL),
	('GL202211250011', '2022-11-25', '1601', 300000.00, 0.00, 'b', 1, '2022-11-25 03:05:11', NULL, NULL),
	('GL202211250012', '2022-11-25', '1001', 0.00, 15000000.00, 'b', 1, '2022-11-25 03:11:20', NULL, NULL),
	('GL202211250012', '2022-11-25', '1601', 15000000.00, 0.00, 'b', 1, '2022-11-25 03:11:20', NULL, NULL),
	('GL202211250013', '2022-11-25', '1002', 500000.00, 0.00, 'b', 1, '2022-11-25 03:29:00', NULL, NULL),
	('GL202211250013', '2022-11-25', '4906', 0.00, 500000.00, 'b', 1, '2022-11-25 03:29:00', NULL, NULL),
	('GL202211250013', '2022-11-25', '6001', 297087.00, 0.00, 'b', 1, '2022-11-25 03:29:00', NULL, NULL),
	('GL202211250013', '2022-11-25', '1601', 0.00, 297087.00, 'b', 1, '2022-11-25 03:29:00', NULL, NULL);

-- Dumping structure for table keuanganrab.dkasbank
DROP TABLE IF EXISTS `dkasbank`;
CREATE TABLE IF NOT EXISTS `dkasbank` (
  `n_kasbank` varchar(15) NOT NULL,
  `akun` varchar(15) NOT NULL,
  `debet` double(15,2) DEFAULT '0.00',
  `kredit` double(15,2) DEFAULT '0.00',
  `created_by` int(11) DEFAULT NULL,
  `created_at` timestamp NOT NULL DEFAULT CURRENT_TIMESTAMP,
  `updated_by` int(11) DEFAULT NULL,
  `updated_at` timestamp NULL DEFAULT NULL ON UPDATE CURRENT_TIMESTAMP,
  KEY `FK_dkasbank_coa` (`akun`)
) ENGINE=InnoDB DEFAULT CHARSET=utf8;

-- Dumping data for table keuanganrab.dkasbank: ~1 rows (approximately)
REPLACE INTO `dkasbank` (`n_kasbank`, `akun`, `debet`, `kredit`, `created_by`, `created_at`, `updated_by`, `updated_at`) VALUES
	('KK202211240001', '5005', 50000.00, 0.00, 1, '2022-11-24 04:34:51', NULL, NULL),
	('KM202211250002', '4009', 0.00, 150000.00, 1, '2022-11-25 01:54:05', NULL, NULL),
	('BM202211250003', '4901', 0.00, 10000000.00, 1, '2022-11-25 01:59:07', NULL, NULL),
	('KK202211250004', '5002', 5000000.00, 0.00, 1, '2022-11-25 02:02:41', NULL, NULL),
	('BK202211250005', '5012', 500000.00, 0.00, 1, '2022-11-25 02:03:28', NULL, NULL);

-- Dumping structure for table keuanganrab.dmutasi
DROP TABLE IF EXISTS `dmutasi`;
CREATE TABLE IF NOT EXISTS `dmutasi` (
  `n_mutasi` varchar(15) NOT NULL,
  `n_barang` varchar(15) NOT NULL,
  `jumlah` int(11) DEFAULT NULL,
  `harga` double(15,2) DEFAULT '0.00',
  `satuan` varchar(20) DEFAULT NULL,
  `created_by` int(11) DEFAULT NULL,
  `created_at` timestamp NOT NULL DEFAULT CURRENT_TIMESTAMP,
  `updated_by` int(11) DEFAULT NULL,
  `updated_at` timestamp NULL DEFAULT NULL ON UPDATE CURRENT_TIMESTAMP
) ENGINE=InnoDB DEFAULT CHARSET=utf8;

-- Dumping data for table keuanganrab.dmutasi: ~0 rows (approximately)

-- Dumping structure for table keuanganrab.dpembelian
DROP TABLE IF EXISTS `dpembelian`;
CREATE TABLE IF NOT EXISTS `dpembelian` (
  `n_pembelian` varchar(15) NOT NULL,
  `n_barang` varchar(15) NOT NULL,
  `jumlah` int(11) DEFAULT NULL,
  `harga_asli` double(15,2) DEFAULT '0.00',
  `disc` int(3) DEFAULT '0',
  `harga` double(15,2) DEFAULT '0.00',
  `satuan` varchar(20) DEFAULT NULL,
  `created_by` int(11) DEFAULT NULL,
  `created_at` timestamp NOT NULL DEFAULT CURRENT_TIMESTAMP,
  `updated_by` int(11) DEFAULT NULL,
  `updated_at` timestamp NULL DEFAULT NULL ON UPDATE CURRENT_TIMESTAMP
) ENGINE=InnoDB DEFAULT CHARSET=utf8;

-- Dumping data for table keuanganrab.dpembelian: ~0 rows (approximately)
REPLACE INTO `dpembelian` (`n_pembelian`, `n_barang`, `jumlah`, `harga_asli`, `disc`, `harga`, `satuan`, `created_by`, `created_at`, `updated_by`, `updated_at`) VALUES
	('PT202211250001', '21.00010', 100, 3000.00, 0, 3000.00, 'PCS', 1, '2022-11-25 03:05:11', NULL, NULL),
	('PT202211250002', '21.00010', 5000, 3000.00, 0, 3000.00, 'PCS', 1, '2022-11-25 03:11:20', NULL, NULL);

-- Dumping structure for table keuanganrab.dpembelian_order
DROP TABLE IF EXISTS `dpembelian_order`;
CREATE TABLE IF NOT EXISTS `dpembelian_order` (
  `n_opembelian` varchar(15) NOT NULL,
  `n_barang` varchar(15) NOT NULL,
  `jumlahOrder` int(11) DEFAULT NULL,
  `jumlahTrima` int(11) DEFAULT NULL,
  `sisaOrder` int(11) DEFAULT NULL,
  `harga` double(15,2) DEFAULT '0.00',
  `satuan` varchar(20) DEFAULT NULL,
  `created_by` int(11) DEFAULT NULL,
  `created_at` timestamp NULL DEFAULT CURRENT_TIMESTAMP,
  `updated_by` int(11) DEFAULT NULL,
  `updated_at` timestamp NULL DEFAULT NULL ON UPDATE CURRENT_TIMESTAMP
) ENGINE=InnoDB DEFAULT CHARSET=utf8;

-- Dumping data for table keuanganrab.dpembelian_order: ~0 rows (approximately)

-- Dumping structure for table keuanganrab.dpembelian_retur
DROP TABLE IF EXISTS `dpembelian_retur`;
CREATE TABLE IF NOT EXISTS `dpembelian_retur` (
  `n_rpembelian` varchar(15) NOT NULL,
  `n_barang` varchar(15) NOT NULL,
  `jumlah` int(11) DEFAULT NULL,
  `harga` double(15,2) DEFAULT '0.00',
  `satuan` varchar(20) DEFAULT NULL,
  `created_by` int(11) DEFAULT NULL,
  `created_at` timestamp NULL DEFAULT CURRENT_TIMESTAMP,
  `updated_by` int(11) DEFAULT NULL,
  `updated_at` timestamp NULL DEFAULT NULL ON UPDATE CURRENT_TIMESTAMP
) ENGINE=InnoDB DEFAULT CHARSET=utf8;

-- Dumping data for table keuanganrab.dpembelian_retur: ~0 rows (approximately)

-- Dumping structure for table keuanganrab.dpenjualan
DROP TABLE IF EXISTS `dpenjualan`;
CREATE TABLE IF NOT EXISTS `dpenjualan` (
  `n_penjualan` varchar(15) NOT NULL,
  `n_barang` varchar(15) NOT NULL,
  `jumlah` int(11) DEFAULT NULL,
  `harga_asli` double(15,2) DEFAULT '0.00',
  `disc` int(3) DEFAULT '0',
  `harga` double(15,2) DEFAULT '0.00',
  `satuan` varchar(20) DEFAULT NULL,
  `created_by` int(11) DEFAULT NULL,
  `created_at` timestamp NULL DEFAULT CURRENT_TIMESTAMP,
  `updated_by` int(11) DEFAULT NULL,
  `updated_at` timestamp NULL DEFAULT NULL ON UPDATE CURRENT_TIMESTAMP
) ENGINE=InnoDB DEFAULT CHARSET=utf8;

-- Dumping data for table keuanganrab.dpenjualan: ~0 rows (approximately)
REPLACE INTO `dpenjualan` (`n_penjualan`, `n_barang`, `jumlah`, `harga_asli`, `disc`, `harga`, `satuan`, `created_by`, `created_at`, `updated_by`, `updated_at`) VALUES
	('ST202211250001', '21.00010', 100, 5000.00, 0, 5000.00, 'PCS', 1, '2022-11-25 03:29:00', NULL, NULL);

-- Dumping structure for table keuanganrab.dpenjualan_order
DROP TABLE IF EXISTS `dpenjualan_order`;
CREATE TABLE IF NOT EXISTS `dpenjualan_order` (
  `n_openjualan` varchar(15) NOT NULL,
  `n_barang` varchar(15) NOT NULL,
  `jumlahOrder` int(11) DEFAULT NULL,
  `jumlahKirim` int(11) DEFAULT NULL,
  `sisaOrder` int(11) DEFAULT NULL,
  `harga` double(15,2) DEFAULT '0.00',
  `satuan` varchar(20) DEFAULT NULL,
  `created_by` int(11) DEFAULT NULL,
  `created_at` timestamp NULL DEFAULT CURRENT_TIMESTAMP,
  `updated_by` int(11) DEFAULT NULL,
  `updated_at` timestamp NULL DEFAULT NULL ON UPDATE CURRENT_TIMESTAMP
) ENGINE=InnoDB DEFAULT CHARSET=utf8;

-- Dumping data for table keuanganrab.dpenjualan_order: ~0 rows (approximately)

-- Dumping structure for table keuanganrab.dpenjualan_retur
DROP TABLE IF EXISTS `dpenjualan_retur`;
CREATE TABLE IF NOT EXISTS `dpenjualan_retur` (
  `n_rpenjualan` varchar(15) NOT NULL,
  `n_barang` varchar(15) NOT NULL,
  `jumlah` int(11) DEFAULT NULL,
  `harga` double(15,2) DEFAULT '0.00',
  `satuan` varchar(20) DEFAULT NULL,
  `created_by` int(11) DEFAULT NULL,
  `created_at` timestamp NULL DEFAULT CURRENT_TIMESTAMP,
  `updated_by` int(11) DEFAULT NULL,
  `updated_at` timestamp NULL DEFAULT NULL ON UPDATE CURRENT_TIMESTAMP
) ENGINE=InnoDB DEFAULT CHARSET=utf8;

-- Dumping data for table keuanganrab.dpenjualan_retur: ~0 rows (approximately)

-- Dumping structure for table keuanganrab.dpenyesuaian
DROP TABLE IF EXISTS `dpenyesuaian`;
CREATE TABLE IF NOT EXISTS `dpenyesuaian` (
  `n_stock` varchar(15) NOT NULL,
  `n_barang` varchar(15) NOT NULL,
  `jumlah` int(11) DEFAULT NULL,
  `harga` double(15,2) DEFAULT '0.00',
  `satuan` varchar(20) DEFAULT NULL,
  `created_by` int(11) DEFAULT NULL,
  `created_at` timestamp NULL DEFAULT CURRENT_TIMESTAMP,
  `updated_by` int(11) DEFAULT NULL,
  `updated_at` timestamp NULL DEFAULT NULL ON UPDATE CURRENT_TIMESTAMP
) ENGINE=InnoDB DEFAULT CHARSET=utf8;

-- Dumping data for table keuanganrab.dpenyesuaian: ~0 rows (approximately)

-- Dumping structure for table keuanganrab.dpiutang
DROP TABLE IF EXISTS `dpiutang`;
CREATE TABLE IF NOT EXISTS `dpiutang` (
  `n_piutang` varchar(15) NOT NULL,
  `n_penjualan` varchar(15) NOT NULL,
  `tanggal` date DEFAULT NULL,
  `keterangan` varchar(255) DEFAULT NULL,
  `bayar` double(15,2) DEFAULT '0.00',
  `cara_bayar` varchar(5) DEFAULT NULL,
  `n_bayar` varchar(12) DEFAULT NULL,
  `created_by` int(11) DEFAULT NULL,
  `created_at` timestamp NULL DEFAULT CURRENT_TIMESTAMP,
  `updated_by` int(11) DEFAULT NULL,
  `updated_at` timestamp NULL DEFAULT NULL ON UPDATE CURRENT_TIMESTAMP
) ENGINE=InnoDB DEFAULT CHARSET=utf8 KEY_BLOCK_SIZE=8;

-- Dumping data for table keuanganrab.dpiutang: ~0 rows (approximately)

-- Dumping structure for table keuanganrab.hcosting
DROP TABLE IF EXISTS `hcosting`;
CREATE TABLE IF NOT EXISTS `hcosting` (
  `n_costing` varchar(15) NOT NULL,
  `tanggal` date DEFAULT NULL,
  `keterangan` varchar(255) NOT NULL,
  `reff` varchar(30) DEFAULT NULL,
  `akun` varchar(12) NOT NULL,
  `total` double(15,2) DEFAULT '0.00',
  `created_by` int(11) DEFAULT NULL,
  `created_at` timestamp NULL DEFAULT CURRENT_TIMESTAMP,
  `updated_by` int(11) DEFAULT NULL,
  `updated_at` timestamp NULL DEFAULT NULL ON UPDATE CURRENT_TIMESTAMP,
  PRIMARY KEY (`n_costing`)
) ENGINE=InnoDB DEFAULT CHARSET=utf8;

-- Dumping data for table keuanganrab.hcosting: ~0 rows (approximately)

-- Dumping structure for table keuanganrab.hjurnal
DROP TABLE IF EXISTS `hjurnal`;
CREATE TABLE IF NOT EXISTS `hjurnal` (
  `id` int(11) NOT NULL AUTO_INCREMENT,
  `n_jurnal` varchar(15) NOT NULL,
  `tanggal` date DEFAULT NULL,
  `reff` varchar(30) DEFAULT NULL,
  `keterangan` varchar(255) DEFAULT NULL,
  `jumlah` double(15,2) DEFAULT '0.00',
  `statusA` varchar(3) DEFAULT NULL,
  `created_by` int(11) DEFAULT NULL,
  `created_at` timestamp NULL DEFAULT CURRENT_TIMESTAMP,
  `updated_by` int(11) DEFAULT NULL,
  `updated_at` timestamp NULL DEFAULT NULL ON UPDATE CURRENT_TIMESTAMP,
  `is_active` enum('1','0') NOT NULL DEFAULT '1',
  PRIMARY KEY (`id`,`n_jurnal`) USING BTREE
) ENGINE=InnoDB AUTO_INCREMENT=14 DEFAULT CHARSET=utf8;

-- Dumping data for table keuanganrab.hjurnal: ~7 rows (approximately)
REPLACE INTO `hjurnal` (`id`, `n_jurnal`, `tanggal`, `reff`, `keterangan`, `jumlah`, `statusA`, `created_by`, `created_at`, `updated_by`, `updated_at`, `is_active`) VALUES
	(1, 'GL202211240001', '2022-11-24', '-', 'Beli konsumsi', 50000.00, 'KK', 1, '2022-11-24 04:34:51', NULL, NULL, '1'),
	(2, 'GL202211240002', '2022-11-24', '-', 'saldo awal', 50000000.00, 'GL', 1, '2022-11-24 06:57:41', NULL, NULL, '1'),
	(3, 'GL202211240003', '2022-11-24', '-', 'saldo awal bank', 10000000.00, 'GL', 1, '2022-11-24 06:58:50', NULL, NULL, '1'),
	(4, 'GL202211250004', '2022-11-25', '-', 'mahasiswa bayar semester', 5000000.00, 'GL', 1, '2022-11-25 01:05:40', NULL, NULL, '1'),
	(5, 'GL202211250005', '2022-11-25', '-', 'transfer bank dari kas', 5000000.00, 'GL', 1, '2022-11-25 01:37:41', NULL, NULL, '1'),
	(6, 'GL202211250006', '2022-11-25', '-', 'pembelian inventaris kantor', 5000000.00, 'GL', 1, '2022-11-25 01:39:38', NULL, NULL, '1'),
	(7, 'GL202211250007', '2022-11-25', '-', 'pemasukan iuran mahasiswa D3 Keperawatan', 150000.00, 'KM', 1, '2022-11-25 01:54:05', NULL, NULL, '1'),
	(8, 'GL202211250008', '2022-11-25', '-', 'pemasukan sumbangan CSR perusahaan', 10000000.00, 'BM', 1, '2022-11-25 01:59:07', NULL, NULL, '1'),
	(9, 'GL202211250009', '2022-11-25', '-', 'biaya perjalanan lomba mahasiswa', 5000000.00, 'KK', 1, '2022-11-25 02:02:41', NULL, NULL, '1'),
	(10, 'GL202211250010', '2022-11-25', '-', 'pembayaran internet bulan november', 500000.00, 'BK', 1, '2022-11-25 02:03:28', NULL, NULL, '1'),
	(11, 'GL202211250011', '2022-11-25', 'PT202211250001', 'Pembelian a/n ARKATAMA', 300000.00, 'PT', 1, '2022-11-25 03:05:11', NULL, NULL, '1'),
	(12, 'GL202211250012', '2022-11-25', 'PT202211250002', 'Pembelian a/n ARKATAMA', 15000000.00, 'PT', 1, '2022-11-25 03:11:20', NULL, NULL, '1'),
	(13, 'GL202211250013', '2022-11-25', 'ST202211250001', 'Penjualan a/n ARKATAMA CUSTOMER', 500000.00, 'ST', 1, '2022-11-25 03:29:00', NULL, NULL, '1');

-- Dumping structure for table keuanganrab.hkasbank
DROP TABLE IF EXISTS `hkasbank`;
CREATE TABLE IF NOT EXISTS `hkasbank` (
  `id` int(11) NOT NULL AUTO_INCREMENT,
  `n_kasbank` varchar(15) NOT NULL,
  `tanggal` date NOT NULL,
  `reff` varchar(100) DEFAULT NULL,
  `keterangan` varchar(255) DEFAULT NULL,
  `jumlah` double(15,2) NOT NULL DEFAULT '0.00',
  `statusA` varchar(2) DEFAULT NULL,
  `n_bank` varchar(12) DEFAULT NULL,
  `n_jurnal` varchar(12) NOT NULL,
  `is_active` enum('1','0') NOT NULL DEFAULT '1',
  `created_by` int(11) DEFAULT NULL,
  `created_at` timestamp NULL DEFAULT CURRENT_TIMESTAMP,
  `updated_by` int(11) DEFAULT NULL,
  `updated_at` timestamp NULL DEFAULT NULL ON UPDATE CURRENT_TIMESTAMP,
  PRIMARY KEY (`id`,`n_kasbank`) USING BTREE
) ENGINE=InnoDB AUTO_INCREMENT=6 DEFAULT CHARSET=utf8;

-- Dumping data for table keuanganrab.hkasbank: ~1 rows (approximately)
REPLACE INTO `hkasbank` (`id`, `n_kasbank`, `tanggal`, `reff`, `keterangan`, `jumlah`, `statusA`, `n_bank`, `n_jurnal`, `is_active`, `created_by`, `created_at`, `updated_by`, `updated_at`) VALUES
	(1, 'KK202211240001', '2022-11-24', '-', 'Beli konsumsi', 50000.00, 'K', 'KAS', 'GL2022112400', '1', 1, '2022-11-24 04:34:51', NULL, NULL),
	(2, 'KM202211250002', '2022-11-25', '-', 'pemasukan iuran mahasiswa D3 Keperawatan', 150000.00, 'M', 'KAS', 'GL2022112500', '1', 1, '2022-11-25 01:54:05', NULL, NULL),
	(3, 'BM202211250003', '2022-11-25', '-', 'pemasukan sumbangan CSR perusahaan', 10000000.00, 'M', '24', 'GL2022112500', '1', 1, '2022-11-25 01:59:07', NULL, NULL),
	(4, 'KK202211250004', '2022-11-25', '-', 'biaya perjalanan lomba mahasiswa', 5000000.00, 'K', 'KAS', 'GL2022112500', '1', 1, '2022-11-25 02:02:41', NULL, NULL),
	(5, 'BK202211250005', '2022-11-25', '-', 'pembayaran internet bulan november', 500000.00, 'K', '24', 'GL2022112500', '1', 1, '2022-11-25 02:03:28', NULL, NULL);

-- Dumping structure for table keuanganrab.hmutasi
DROP TABLE IF EXISTS `hmutasi`;
CREATE TABLE IF NOT EXISTS `hmutasi` (
  `n_mutasi` varchar(15) NOT NULL,
  `tanggal` date NOT NULL,
  `reff` varchar(30) DEFAULT NULL,
  `keterangan` varchar(255) DEFAULT NULL,
  `created_by` int(11) DEFAULT NULL,
  `created_at` timestamp NOT NULL DEFAULT CURRENT_TIMESTAMP,
  `updated_by` int(11) DEFAULT NULL,
  `updated_at` timestamp NULL DEFAULT NULL ON UPDATE CURRENT_TIMESTAMP,
  PRIMARY KEY (`n_mutasi`)
) ENGINE=InnoDB DEFAULT CHARSET=utf8;

-- Dumping data for table keuanganrab.hmutasi: ~0 rows (approximately)

-- Dumping structure for table keuanganrab.hpembelian
DROP TABLE IF EXISTS `hpembelian`;
CREATE TABLE IF NOT EXISTS `hpembelian` (
  `n_pembelian` varchar(15) NOT NULL,
  `tanggal` date NOT NULL,
  `reff` varchar(30) DEFAULT NULL,
  `n_pemasok` varchar(15) NOT NULL,
  `keterangan` varchar(255) DEFAULT NULL,
  `total_pembelian` double(15,2) DEFAULT '0.00',
  `uang_muka` double(15,2) DEFAULT '0.00',
  `biaya_kirim` double(15,2) DEFAULT '0.00',
  `ppn` double(15,2) DEFAULT '0.00',
  `hutang` double(15,2) DEFAULT '0.00',
  `is_active` enum('1','0') NOT NULL DEFAULT '1',
  `cara_bayar` varchar(5) DEFAULT NULL,
  `created_by` int(11) DEFAULT NULL,
  `created_at` timestamp NOT NULL DEFAULT CURRENT_TIMESTAMP,
  `updated_by` int(11) DEFAULT NULL,
  `updated_at` timestamp NULL DEFAULT NULL ON UPDATE CURRENT_TIMESTAMP,
  PRIMARY KEY (`n_pembelian`)
) ENGINE=InnoDB DEFAULT CHARSET=utf8;

-- Dumping data for table keuanganrab.hpembelian: ~0 rows (approximately)
REPLACE INTO `hpembelian` (`n_pembelian`, `tanggal`, `reff`, `n_pemasok`, `keterangan`, `total_pembelian`, `uang_muka`, `biaya_kirim`, `ppn`, `hutang`, `is_active`, `cara_bayar`, `created_by`, `created_at`, `updated_by`, `updated_at`) VALUES
	('PT202211250001', '2022-11-25', '-', 'SUP000010', 'Pembelian a/n ARKATAMA', 300000.00, 0.00, 0.00, 0.00, 0.00, '1', 'kas', 1, '2022-11-25 03:05:11', NULL, NULL),
	('PT202211250002', '2022-11-25', '-', 'SUP000010', 'Pembelian a/n ARKATAMA', 15000000.00, 0.00, 0.00, 0.00, 0.00, '1', 'kas', 1, '2022-11-25 03:11:20', NULL, NULL);

-- Dumping structure for table keuanganrab.hpembelian_order
DROP TABLE IF EXISTS `hpembelian_order`;
CREATE TABLE IF NOT EXISTS `hpembelian_order` (
  `n_opembelian` varchar(15) NOT NULL,
  `tanggal` date DEFAULT NULL,
  `reff` varchar(30) DEFAULT NULL,
  `n_pemasok` varchar(15) NOT NULL,
  `keterangan` varchar(255) DEFAULT NULL,
  `total_pembelian` double(15,2) DEFAULT '0.00',
  `uang_muka` double(15,2) DEFAULT '0.00',
  `biaya_kirim` double(15,2) DEFAULT '0.00',
  `cara_bayar` varchar(5) DEFAULT NULL,
  `tanggal_kirim` date DEFAULT NULL,
  `masa` int(3) DEFAULT '1',
  `statusA` varchar(1) DEFAULT 'B',
  `created_by` int(11) DEFAULT NULL,
  `created_at` timestamp NULL DEFAULT CURRENT_TIMESTAMP,
  `updated_by` int(11) DEFAULT NULL,
  `updated_at` timestamp NULL DEFAULT NULL ON UPDATE CURRENT_TIMESTAMP,
  PRIMARY KEY (`n_opembelian`)
) ENGINE=InnoDB DEFAULT CHARSET=utf8;

-- Dumping data for table keuanganrab.hpembelian_order: ~0 rows (approximately)

-- Dumping structure for table keuanganrab.hpembelian_retur
DROP TABLE IF EXISTS `hpembelian_retur`;
CREATE TABLE IF NOT EXISTS `hpembelian_retur` (
  `n_rpembelian` varchar(15) NOT NULL,
  `tanggal` date DEFAULT NULL,
  `reff` varchar(30) DEFAULT NULL,
  `n_pemasok` varchar(15) NOT NULL,
  `keterangan` varchar(255) DEFAULT NULL,
  `total_pembelian` double(15,2) DEFAULT '0.00',
  `biaya_kirim` double(15,2) DEFAULT '0.00',
  `ppn` double(15,2) DEFAULT '0.00',
  `cara_bayar` varchar(5) DEFAULT NULL,
  `created_by` int(11) DEFAULT NULL,
  `created_at` timestamp NULL DEFAULT CURRENT_TIMESTAMP,
  `updated_by` int(11) DEFAULT NULL,
  `updated_at` timestamp NULL DEFAULT NULL ON UPDATE CURRENT_TIMESTAMP,
  PRIMARY KEY (`n_rpembelian`)
) ENGINE=InnoDB DEFAULT CHARSET=utf8;

-- Dumping data for table keuanganrab.hpembelian_retur: ~0 rows (approximately)

-- Dumping structure for table keuanganrab.hpenjualan
DROP TABLE IF EXISTS `hpenjualan`;
CREATE TABLE IF NOT EXISTS `hpenjualan` (
  `n_penjualan` varchar(15) NOT NULL,
  `tanggal` date DEFAULT NULL,
  `reff` varchar(30) DEFAULT NULL,
  `n_pelanggan` varchar(15) NOT NULL,
  `keterangan` varchar(255) DEFAULT NULL,
  `total_penjualan` double(15,2) DEFAULT '0.00',
  `uang_muka` double(15,2) DEFAULT '0.00',
  `biaya_kirim` double(15,2) DEFAULT '0.00',
  `ppn` double(15,2) DEFAULT '0.00',
  `piutang` double(15,2) DEFAULT '0.00',
  `cara_bayar` varchar(5) DEFAULT NULL,
  `n_sales` varchar(12) DEFAULT NULL,
  `is_active` enum('1','0') NOT NULL DEFAULT '1',
  `created_by` int(11) DEFAULT NULL,
  `created_at` timestamp NULL DEFAULT CURRENT_TIMESTAMP,
  `updated_by` int(11) DEFAULT NULL,
  `updated_at` timestamp NULL DEFAULT NULL ON UPDATE CURRENT_TIMESTAMP,
  PRIMARY KEY (`n_penjualan`)
) ENGINE=InnoDB DEFAULT CHARSET=utf8;

-- Dumping data for table keuanganrab.hpenjualan: ~0 rows (approximately)
REPLACE INTO `hpenjualan` (`n_penjualan`, `tanggal`, `reff`, `n_pelanggan`, `keterangan`, `total_penjualan`, `uang_muka`, `biaya_kirim`, `ppn`, `piutang`, `cara_bayar`, `n_sales`, `is_active`, `created_by`, `created_at`, `updated_by`, `updated_at`) VALUES
	('ST202211250001', '2022-11-25', '-', 'CUS008526', 'Penjualan a/n ARKATAMA CUSTOMER', 500000.00, 0.00, 0.00, 0.00, 0.00, 'bank', 'SAL000001', '1', 1, '2022-11-25 03:29:00', NULL, NULL);

-- Dumping structure for table keuanganrab.hpenjualan_order
DROP TABLE IF EXISTS `hpenjualan_order`;
CREATE TABLE IF NOT EXISTS `hpenjualan_order` (
  `n_openjualan` varchar(15) NOT NULL,
  `tanggal` date DEFAULT NULL,
  `reff` varchar(30) DEFAULT NULL,
  `n_pelanggan` varchar(15) NOT NULL,
  `keterangan` varchar(255) DEFAULT NULL,
  `total_penjualan` double(15,2) DEFAULT '0.00',
  `uang_muka` double(15,2) DEFAULT '0.00',
  `biaya_kirim` double(15,2) DEFAULT '0.00',
  `cara_bayar` varchar(5) DEFAULT NULL,
  `tanggal_kirim` date DEFAULT NULL,
  `masa` int(3) DEFAULT '1',
  `statusA` varchar(1) DEFAULT 'B',
  `created_by` int(11) DEFAULT NULL,
  `created_at` timestamp NULL DEFAULT CURRENT_TIMESTAMP,
  `updated_by` int(11) DEFAULT NULL,
  `updated_at` timestamp NULL DEFAULT NULL ON UPDATE CURRENT_TIMESTAMP,
  PRIMARY KEY (`n_openjualan`)
) ENGINE=InnoDB DEFAULT CHARSET=utf8;

-- Dumping data for table keuanganrab.hpenjualan_order: ~0 rows (approximately)

-- Dumping structure for table keuanganrab.hpenjualan_retur
DROP TABLE IF EXISTS `hpenjualan_retur`;
CREATE TABLE IF NOT EXISTS `hpenjualan_retur` (
  `n_rpenjualan` varchar(15) NOT NULL,
  `tanggal` date DEFAULT NULL,
  `reff` varchar(30) DEFAULT NULL,
  `n_pelanggan` varchar(15) NOT NULL,
  `keterangan` varchar(255) DEFAULT NULL,
  `total_penjualan` double(15,2) DEFAULT '0.00',
  `biaya_kirim` double(15,2) DEFAULT '0.00',
  `ppn` double(15,2) DEFAULT '0.00',
  `cara_bayar` varchar(5) DEFAULT NULL,
  `created_by` int(11) DEFAULT NULL,
  `created_at` timestamp NULL DEFAULT CURRENT_TIMESTAMP,
  `updated_by` int(11) DEFAULT NULL,
  `updated_at` timestamp NULL DEFAULT NULL ON UPDATE CURRENT_TIMESTAMP,
  PRIMARY KEY (`n_rpenjualan`)
) ENGINE=InnoDB DEFAULT CHARSET=utf8;

-- Dumping data for table keuanganrab.hpenjualan_retur: ~0 rows (approximately)

-- Dumping structure for table keuanganrab.hpenyesuaian
DROP TABLE IF EXISTS `hpenyesuaian`;
CREATE TABLE IF NOT EXISTS `hpenyesuaian` (
  `n_stock` varchar(15) NOT NULL,
  `tanggal` date DEFAULT NULL,
  `keterangan` varchar(255) DEFAULT NULL,
  `posisi` varchar(1) DEFAULT NULL,
  `lokasi` varchar(1) DEFAULT NULL,
  `akun` varchar(15) NOT NULL,
  `created_by` int(11) DEFAULT NULL,
  `created_at` timestamp NULL DEFAULT CURRENT_TIMESTAMP,
  `updated_by` int(11) DEFAULT NULL,
  `updated_at` timestamp NULL DEFAULT NULL ON UPDATE CURRENT_TIMESTAMP,
  PRIMARY KEY (`n_stock`)
) ENGINE=InnoDB DEFAULT CHARSET=utf8;

-- Dumping data for table keuanganrab.hpenyesuaian: ~0 rows (approximately)

-- Dumping structure for table keuanganrab.hutang
DROP TABLE IF EXISTS `hutang`;
CREATE TABLE IF NOT EXISTS `hutang` (
  `n_pembelian` varchar(15) NOT NULL,
  `tanggal` date DEFAULT NULL,
  `reff` varchar(30) DEFAULT NULL,
  `n_pemasok` varchar(15) NOT NULL,
  `keterangan` varchar(255) DEFAULT NULL,
  `jumlah` double(15,2) DEFAULT '0.00',
  `sisa` double(15,2) DEFAULT '0.00',
  `tempo` date DEFAULT NULL,
  `statusA` varchar(1) DEFAULT NULL,
  `is_active` enum('1','0') NOT NULL DEFAULT '1',
  `created_by` int(11) DEFAULT NULL,
  `created_at` timestamp NULL DEFAULT CURRENT_TIMESTAMP,
  `updated_by` int(11) DEFAULT NULL,
  `updated_at` timestamp NULL DEFAULT NULL ON UPDATE CURRENT_TIMESTAMP,
  PRIMARY KEY (`n_pembelian`)
) ENGINE=InnoDB DEFAULT CHARSET=utf8;

-- Dumping data for table keuanganrab.hutang: ~0 rows (approximately)

-- Dumping structure for table keuanganrab.keluar_masuk
DROP TABLE IF EXISTS `keluar_masuk`;
CREATE TABLE IF NOT EXISTS `keluar_masuk` (
  `id` int(11) NOT NULL AUTO_INCREMENT,
  `reff` varchar(30) NOT NULL,
  `tanggal` date NOT NULL,
  `waktu` time NOT NULL,
  `n_pelanggan` varchar(12) NOT NULL,
  `n_barang` varchar(12) NOT NULL,
  `masuk` int(11) DEFAULT NULL,
  `keluar` int(11) DEFAULT NULL,
  `sisa` int(11) DEFAULT NULL,
  `harga` double(15,2) DEFAULT '0.00',
  `satuan` varchar(20) DEFAULT NULL,
  `created_by` int(11) DEFAULT NULL,
  `created_at` timestamp NULL DEFAULT CURRENT_TIMESTAMP,
  `updated_by` int(11) DEFAULT NULL,
  `updated_at` timestamp NULL DEFAULT NULL ON UPDATE CURRENT_TIMESTAMP,
  PRIMARY KEY (`id`) USING BTREE,
  KEY `FK_keluar_masuk_barang` (`n_barang`),
  CONSTRAINT `FK_keluar_masuk_barang` FOREIGN KEY (`n_barang`) REFERENCES `barang` (`n_barang`) ON UPDATE CASCADE
) ENGINE=InnoDB AUTO_INCREMENT=4 DEFAULT CHARSET=utf8;

-- Dumping data for table keuanganrab.keluar_masuk: ~0 rows (approximately)
REPLACE INTO `keluar_masuk` (`id`, `reff`, `tanggal`, `waktu`, `n_pelanggan`, `n_barang`, `masuk`, `keluar`, `sisa`, `harga`, `satuan`, `created_by`, `created_at`, `updated_by`, `updated_at`) VALUES
	(1, 'PT202211250001', '2022-11-25', '10:05:11', 'SUP000010', '21.00010', 100, 0, 100, 3000.00, 'PCS', 1, '2022-11-25 03:05:11', NULL, NULL),
	(2, 'PT202211250002', '2022-11-25', '10:11:20', 'SUP000010', '21.00010', 5000, 0, 5100, 3000.00, 'PCS', 1, '2022-11-25 03:11:20', NULL, NULL),
	(3, 'ST202211250001', '2022-11-25', '10:29:00', 'CUS008526', '21.00010', 0, 100, 5000, 5000.00, 'PCS', 1, '2022-11-25 03:29:00', NULL, NULL);

-- Dumping structure for table keuanganrab.mata_anggaran
DROP TABLE IF EXISTS `mata_anggaran`;
CREATE TABLE IF NOT EXISTS `mata_anggaran` (
  `id` int(11) NOT NULL AUTO_INCREMENT,
  `kode` varchar(20) NOT NULL,
  `mata_anggaran` varchar(255) NOT NULL,
  `keterangan` varchar(60) DEFAULT NULL,
  `total` double(20,2) NOT NULL DEFAULT '0.00',
  `jumlah` double(20,2) NOT NULL DEFAULT '0.00',
  `id_user` int(11) DEFAULT NULL,
  `is_active` enum('1','0') DEFAULT '1',
  `created_by` int(11) DEFAULT NULL,
  `created_at` timestamp NULL DEFAULT CURRENT_TIMESTAMP,
  `updated_by` int(11) DEFAULT NULL,
  `updated_at` timestamp NULL DEFAULT NULL ON UPDATE CURRENT_TIMESTAMP,
  PRIMARY KEY (`id`) USING BTREE,
  UNIQUE KEY `Index 3` (`kode`),
  KEY `fk_rab_user` (`id_user`) USING BTREE,
  CONSTRAINT `mata_anggaran_ibfk_1` FOREIGN KEY (`id_user`) REFERENCES `user` (`id_user`)
) ENGINE=InnoDB DEFAULT CHARSET=utf8;

-- Dumping data for table keuanganrab.mata_anggaran: ~0 rows (approximately)

-- Dumping structure for table keuanganrab.modul_sistem
DROP TABLE IF EXISTS `modul_sistem`;
CREATE TABLE IF NOT EXISTS `modul_sistem` (
  `id_modul` int(11) NOT NULL AUTO_INCREMENT,
  `nama_modul` varchar(20) NOT NULL,
  `keterangan` varchar(255) DEFAULT NULL,
  `is_active` enum('1','0') NOT NULL DEFAULT '1',
  PRIMARY KEY (`id_modul`) USING BTREE,
  UNIQUE KEY `Index 3` (`nama_modul`),
  KEY `idx__nama_modul` (`nama_modul`) USING BTREE
) ENGINE=InnoDB AUTO_INCREMENT=25 DEFAULT CHARSET=utf8;

-- Dumping data for table keuanganrab.modul_sistem: ~24 rows (approximately)
REPLACE INTO `modul_sistem` (`id_modul`, `nama_modul`, `keterangan`, `is_active`) VALUES
	(1, 'sistem', 'Sistem setting', '1'),
	(2, 'bank', 'manajemen bank', '1'),
	(3, 'barang', 'pengelolaan barang', '1'),
	(4, 'coa', 'daftar perkiraan', '1'),
	(5, 'costing', 'transaksi costing', '1'),
	(6, 'hutang', 'transaksi hutang', '1'),
	(7, 'jurnal', 'jurnal memorial', '1'),
	(8, 'kasbank', 'transaksi kas dan bank', '1'),
	(9, 'laporan', 'laporan, buku besar, penjuala, pembelian dan lain-lain', '1'),
	(10, 'pelanggan', '', '1'),
	(11, 'pemasok', '', '1'),
	(12, 'pembelian', '', '1'),
	(13, 'index', 'index page', '1'),
	(14, 'penjualan', '', '1'),
	(15, 'piutang', '', '1'),
	(16, 'sales', '', '1'),
	(17, 'user', 'Mengelola pengguna sistem', '1'),
	(18, 'whatsapp', 'Setting whatsapp', '1'),
	(19, 'rab', '', '1'),
	(20, 'persetujuan', '', '1'),
	(21, 'pencairan', '', '1'),
	(22, 'approvalpencairan', 'approval pencairan rab', '1'),
	(23, 'setting', 'Pengaturan modul, user akses', '1'),
	(24, 'usergroup', 'User group', '1');

-- Dumping structure for table keuanganrab.pelanggan
DROP TABLE IF EXISTS `pelanggan`;
CREATE TABLE IF NOT EXISTS `pelanggan` (
  `n_pelanggan` varchar(15) NOT NULL,
  `barcode` varchar(20) DEFAULT NULL,
  `pass` varchar(15) DEFAULT NULL,
  `tanggal` date NOT NULL,
  `akun` varchar(15) NOT NULL,
  `nama` varchar(50) NOT NULL,
  `alamat` longtext,
  `telepon` varchar(15) DEFAULT NULL,
  `email` varchar(50) DEFAULT NULL,
  `batas` double(15,2) DEFAULT '0.00',
  `statusA` enum('1','0') NOT NULL DEFAULT '1',
  `n_sales` varchar(15) NOT NULL,
  `created_by` int(11) DEFAULT NULL,
  `created_at` timestamp NOT NULL DEFAULT CURRENT_TIMESTAMP,
  `updated_by` int(11) DEFAULT NULL,
  `updated_at` timestamp NULL DEFAULT NULL ON UPDATE CURRENT_TIMESTAMP,
  PRIMARY KEY (`n_pelanggan`),
  KEY `FK_pelanggan_coa` (`akun`)
) ENGINE=InnoDB DEFAULT CHARSET=utf8;

-- Dumping data for table keuanganrab.pelanggan: ~5 rows (approximately)
REPLACE INTO `pelanggan` (`n_pelanggan`, `barcode`, `pass`, `tanggal`, `akun`, `nama`, `alamat`, `telepon`, `email`, `batas`, `statusA`, `n_sales`, `created_by`, `created_at`, `updated_by`, `updated_at`) VALUES
	('8520', 'AASS', '8520', '2022-10-25', '1101', 'Testing V', 'Malang Kota', '081245474568', 'guru@gmail.com', 100000000.00, '1', '234234', NULL, '2022-10-25 02:21:21', NULL, '2022-10-28 12:17:04'),
	('CUS008521', NULL, NULL, '2022-11-01', '4906', 'PELANGGAN TESTING 1', 'Jl. Gemilang No. 1, Kota Surabaya', 'asodijasiod', 'asdj23oro@gmail', 1000000.00, '', 'awe', 1, '2022-11-01 01:22:37', NULL, '2022-11-01 01:22:54'),
	('CUS008522', NULL, NULL, '2022-11-01', '1101', 'TESTING MAHASISWA', 'Jl. Gemilang No. 1, Kota Surabaya', '912833123123', 'asda@gmail.com', 100000.00, '0', 'awe', 1, '2022-11-01 01:26:12', NULL, '2022-11-09 01:38:22'),
	('CUS008525', '12', NULL, '2022-11-09', '1002', 'LANGGANAN', 'Jl. Gemilang No. 1, Kota Surabaya', '67587234', 'langganan@gmail.com', 900000.00, '1', 'asd', 1, '2022-11-09 01:49:49', NULL, NULL),
	('CUS008526', '1234', NULL, '2022-11-25', '4904', 'ARKATAMA CUSTOMER', 'MERTOJOYO SELATAN', '08123812123', 'test@gmail.com', 0.00, '1', 'SAL000001', 1, '2022-11-25 03:27:41', NULL, NULL);

-- Dumping structure for table keuanganrab.pemasok
DROP TABLE IF EXISTS `pemasok`;
CREATE TABLE IF NOT EXISTS `pemasok` (
  `n_pemasok` varchar(15) NOT NULL,
  `tanggal` date NOT NULL,
  `akun` varchar(15) NOT NULL,
  `nama` varchar(50) NOT NULL,
  `alamat` text,
  `telepon` varchar(15) DEFAULT NULL,
  `email` varchar(50) DEFAULT NULL,
  `batas` double(15,2) DEFAULT '0.00',
  `statusA` enum('1','0') NOT NULL DEFAULT '1',
  `created_by` int(11) DEFAULT NULL,
  `created_at` timestamp NOT NULL DEFAULT CURRENT_TIMESTAMP,
  `updated_by` int(11) DEFAULT NULL,
  `updated_at` timestamp NULL DEFAULT NULL ON UPDATE CURRENT_TIMESTAMP,
  PRIMARY KEY (`n_pemasok`),
  KEY `FK_pemasok_coa` (`akun`)
) ENGINE=InnoDB DEFAULT CHARSET=utf8;

-- Dumping data for table keuanganrab.pemasok: ~8 rows (approximately)
REPLACE INTO `pemasok` (`n_pemasok`, `tanggal`, `akun`, `nama`, `alamat`, `telepon`, `email`, `batas`, `statusA`, `created_by`, `created_at`, `updated_by`, `updated_at`) VALUES
	('SUP000001', '2022-11-01', '1003', 'TESTING PEMASOK UBAH', 'JL. ANDALAN BARCELONA', '082244100442', 'pemasok@gmail.com', 10000000.00, '0', 1, '2022-11-01 02:43:09', 1, '2022-11-03 07:59:19'),
	('SUP000002', '2022-11-03', '5920', 'PEMASOK TESTING TEST', 'JALAN BUNGA MAWAR', '082212325689', 'administrator@gmail.com', 200000000.00, '0', 1, '2022-11-03 04:01:56', 1, '2022-11-08 01:33:07'),
	('SUP000004', '2022-11-03', '1303', 'TESTING HAPUS', 'PERUM BARCELONA', '0856765456567', 'administrator@gmail.com', 0.00, '0', 1, '2022-11-03 05:07:55', 1, '2022-11-03 08:08:56'),
	('SUP000005', '2022-11-03', '1303', 'TESTING MITRA', 'JALAN BUNGA MAWAR', '089797979799', 'guru@gmail.com', 0.00, '0', 1, '2022-11-03 05:16:03', 1, '2022-11-09 01:23:06'),
	('SUP000006', '2022-11-03', '1001', 'TESTING', 'MALANG', '089123456789', 'adm@gmail.com', 0.00, '0', 1, '2022-11-03 07:58:31', 1, '2022-11-03 08:08:04'),
	('SUP000007', '2022-11-03', '1001', 'TESTING', 'MALANG', '089612335577', 'adm@gmail.com', 0.00, '0', 1, '2022-11-03 08:13:01', 1, '2022-11-03 08:13:20'),
	('SUP000008', '2022-11-03', '1004', 'PEMASOK TESTING TEST', 'JALAN MERAH PUTIH', '082123456789', 'adm@gmail.com', 0.00, '0', 1, '2022-11-03 08:32:21', 1, '2022-11-03 08:32:45'),
	('SUP000009', '2022-11-04', '2101', 'PT.INDOFOOD', 'SURABAYA', '0846759445346', 'indofood@gmail.com', 100000.00, '0', 1, '2022-11-04 00:59:42', 1, '2022-11-09 01:23:25'),
	('SUP000010', '2022-11-09', '1001', 'ARKATAMA', 'MERTOJOYO SELATAN', '0831872631', 'test@gmail.com', 50000000.00, '1', 1, '2022-11-09 01:26:32', 1, '2022-11-09 01:26:39');

-- Dumping structure for table keuanganrab.perusahaan
DROP TABLE IF EXISTS `perusahaan`;
CREATE TABLE IF NOT EXISTS `perusahaan` (
  `nama` varchar(255) NOT NULL,
  `alamat` varchar(255) NOT NULL DEFAULT '',
  `kode_pos` varchar(15) DEFAULT '',
  `telepon` varchar(15) DEFAULT NULL,
  `created_by` int(11) DEFAULT NULL,
  `created_at` timestamp NULL DEFAULT CURRENT_TIMESTAMP,
  `updated_by` int(11) DEFAULT NULL,
  `updated_at` timestamp NULL DEFAULT NULL ON UPDATE CURRENT_TIMESTAMP
) ENGINE=InnoDB DEFAULT CHARSET=utf8;

-- Dumping data for table keuanganrab.perusahaan: ~0 rows (approximately)
REPLACE INTO `perusahaan` (`nama`, `alamat`, `kode_pos`, `telepon`, `created_by`, `created_at`, `updated_by`, `updated_at`) VALUES
	('INSTITUT TEKNOLOGI SAINS DAN\r\nKESEHATAN RS. dr. SOEPRAOEN MALANG', 'Jl. S. Supriadi No.22, Sukun, Kec. Sukun, Kota Malang, Jawa Timur ', '65147', '0341-351275', 1, '2022-06-14 06:15:05', NULL, '2022-07-10 11:24:37');

-- Dumping structure for table keuanganrab.piutang
DROP TABLE IF EXISTS `piutang`;
CREATE TABLE IF NOT EXISTS `piutang` (
  `n_penjualan` varchar(15) NOT NULL,
  `tanggal` date DEFAULT NULL,
  `reff` varchar(30) DEFAULT NULL,
  `n_pelanggan` varchar(15) NOT NULL,
  `keterangan` varchar(255) DEFAULT NULL,
  `jumlah` double(15,2) DEFAULT '0.00',
  `sisa` double(15,2) DEFAULT '0.00',
  `tempo` date DEFAULT NULL,
  `statusA` varchar(1) DEFAULT NULL,
  `n_sales` varchar(15) NOT NULL,
  `is_active` enum('1','0') NOT NULL DEFAULT '1',
  `created_by` int(11) DEFAULT NULL,
  `created_at` timestamp NULL DEFAULT CURRENT_TIMESTAMP,
  `updated_by` int(11) DEFAULT NULL,
  `updated_at` timestamp NULL DEFAULT NULL ON UPDATE CURRENT_TIMESTAMP,
  PRIMARY KEY (`n_penjualan`),
  KEY `FK_piutang_pelanggan` (`n_pelanggan`),
  CONSTRAINT `FK_piutang_pelanggan` FOREIGN KEY (`n_pelanggan`) REFERENCES `pelanggan` (`n_pelanggan`) ON UPDATE CASCADE
) ENGINE=InnoDB DEFAULT CHARSET=utf8;

-- Dumping data for table keuanganrab.piutang: ~0 rows (approximately)

-- Dumping structure for table keuanganrab.rab
DROP TABLE IF EXISTS `rab`;
CREATE TABLE IF NOT EXISTS `rab` (
  `id` int(11) NOT NULL AUTO_INCREMENT,
  `mata_anggaran` varchar(255) NOT NULL,
  `keterangan` varchar(60) DEFAULT NULL,
  `ta` varchar(30) NOT NULL,
  `detail` text,
  `id_user` int(11) NOT NULL,
  `status` enum('1','0') DEFAULT '0',
  `total` double(15,2) NOT NULL DEFAULT '0.00',
  `created_by` int(11) DEFAULT NULL,
  `created_at` timestamp NOT NULL DEFAULT CURRENT_TIMESTAMP,
  `updated_by` int(11) DEFAULT NULL,
  `updated_at` timestamp NULL DEFAULT NULL ON UPDATE CURRENT_TIMESTAMP,
  PRIMARY KEY (`id`),
  KEY `fk_rab_user` (`id_user`),
  CONSTRAINT `fk_rab_user` FOREIGN KEY (`id_user`) REFERENCES `user` (`id_user`)
) ENGINE=InnoDB AUTO_INCREMENT=6 DEFAULT CHARSET=utf8;

-- Dumping data for table keuanganrab.rab: ~5 rows (approximately)
REPLACE INTO `rab` (`id`, `mata_anggaran`, `keterangan`, `ta`, `detail`, `id_user`, `status`, `total`, `created_by`, `created_at`, `updated_by`, `updated_at`) VALUES
	(1, 'Biaya Pengeluaran Internet Rutin ITSK RS dr.Soepraoen', 'Per Tahun', '2021-2022', 'Detail 1', 6, '1', 100000000.00, NULL, '2022-06-14 06:15:19', NULL, NULL),
	(2, 'Biaya Perpanjangan Web Domain, Hosting, Dan VPS ITSK RS dr.Soepraoen', 'Per Tahun', '2021-2022', 'hdhdhdh', 6, '1', 100000000.00, NULL, '2022-06-14 06:15:19', NULL, NULL),
	(3, 'Biaya Informatika', 'Per Tahun', '2021-2022', 'Biaya', 7, '0', 10000000.00, NULL, '2022-06-14 06:15:19', NULL, NULL),
	(4, 'Biaya Pengadaan Akun ZOOM Prodi dan Unit/Badan ITSK RS dr.Soepraoen', 'Per Tahun', '2021-2022', 'Biaya beli printer', 6, '1', 204552000.00, NULL, '2022-06-14 06:15:19', NULL, NULL),
	(5, '22222', '-', '2021-2022', NULL, 6, '0', 9040000.00, 6, '2022-06-20 09:10:08', NULL, NULL);

-- Dumping structure for table keuanganrab.rab_detail
DROP TABLE IF EXISTS `rab_detail`;
CREATE TABLE IF NOT EXISTS `rab_detail` (
  `id` int(11) NOT NULL AUTO_INCREMENT,
  `id_rab` int(11) NOT NULL DEFAULT '0',
  `detail` varchar(255) NOT NULL,
  `jumlah` double(15,2) NOT NULL DEFAULT '0.00',
  `created_by` int(11) DEFAULT NULL,
  `created_at` timestamp NOT NULL DEFAULT CURRENT_TIMESTAMP,
  `updated_by` int(11) DEFAULT NULL,
  `updated_at` timestamp NULL DEFAULT NULL ON UPDATE CURRENT_TIMESTAMP,
  PRIMARY KEY (`id`) USING BTREE
) ENGINE=InnoDB AUTO_INCREMENT=8 DEFAULT CHARSET=utf8;

-- Dumping data for table keuanganrab.rab_detail: ~7 rows (approximately)
REPLACE INTO `rab_detail` (`id`, `id_rab`, `detail`, `jumlah`, `created_by`, `created_at`, `updated_by`, `updated_at`) VALUES
	(1, 0, 'Biaya Pengeluaran Internet Rutin ITSK RS dr.Soepraoen', 100000000.00, NULL, '2022-06-14 06:15:19', NULL, NULL),
	(2, 0, 'Biaya Perpanjangan Web Domain, Hosting, Dan VPS ITSK RS dr.Soepraoen', 100000000.00, NULL, '2022-06-14 06:15:19', NULL, NULL),
	(3, 0, 'Biaya Informatika', 10000000.00, NULL, '2022-06-14 06:15:19', NULL, NULL),
	(4, 0, 'Biaya Pengadaan Akun ZOOM Prodi dan Unit/Badan ITSK RS dr.Soepraoen', 204552000.00, NULL, '2022-06-14 06:15:19', NULL, NULL),
	(5, 5, 'Siap ', 5000000.00, 6, '2022-06-20 09:10:08', NULL, NULL),
	(6, 5, 'dua', 40000.00, 6, '2022-06-20 09:10:08', NULL, NULL),
	(7, 5, 'oke', 4000000.00, 6, '2022-06-20 09:10:08', NULL, NULL);

-- Dumping structure for table keuanganrab.rab_pencairan
DROP TABLE IF EXISTS `rab_pencairan`;
CREATE TABLE IF NOT EXISTS `rab_pencairan` (
  `id` int(11) NOT NULL AUTO_INCREMENT,
  `id_rab` int(11) NOT NULL,
  `id_user` int(11) NOT NULL,
  `ta` varchar(15) NOT NULL,
  `keterangan` varchar(255) DEFAULT NULL,
  `warek` enum('1','0') DEFAULT '0',
  `rektor` enum('1','0') DEFAULT '0',
  `status` enum('1','0') NOT NULL DEFAULT '0',
  `total` double(15,2) NOT NULL DEFAULT '0.00',
  `created_by` int(11) DEFAULT NULL,
  `created_at` timestamp NOT NULL DEFAULT CURRENT_TIMESTAMP,
  `updated_by` int(11) DEFAULT NULL,
  `updated_at` timestamp NULL DEFAULT NULL ON UPDATE CURRENT_TIMESTAMP,
  PRIMARY KEY (`id`),
  KEY `fk_rab_pencairan_rab1` (`id_rab`),
  KEY `fk_rab_pencairan_user1` (`id_user`),
  CONSTRAINT `fk_rab_pencairan_rab1` FOREIGN KEY (`id_rab`) REFERENCES `rab` (`id`),
  CONSTRAINT `fk_rab_pencairan_user1` FOREIGN KEY (`id_user`) REFERENCES `user` (`id_user`)
) ENGINE=InnoDB AUTO_INCREMENT=3 DEFAULT CHARSET=utf8;

-- Dumping data for table keuanganrab.rab_pencairan: ~2 rows (approximately)
REPLACE INTO `rab_pencairan` (`id`, `id_rab`, `id_user`, `ta`, `keterangan`, `warek`, `rektor`, `status`, `total`, `created_by`, `created_at`, `updated_by`, `updated_at`) VALUES
	(1, 2, 6, '2021-2022', 'Pencairan Tahap 1', '1', '1', '0', 10000000.00, NULL, '2022-06-14 06:15:34', NULL, NULL),
	(2, 4, 6, '2021-2022', 'Tahapan lanjutan karena crowded', '1', '1', '0', 50000000.00, NULL, '2022-06-14 06:15:34', NULL, NULL);

-- Dumping structure for table keuanganrab.rab_pengajuan
DROP TABLE IF EXISTS `rab_pengajuan`;
CREATE TABLE IF NOT EXISTS `rab_pengajuan` (
  `id` int(11) NOT NULL AUTO_INCREMENT,
  `id_user` int(11) NOT NULL,
  `ta` varchar(15) NOT NULL,
  `status` enum('1','0') DEFAULT '0',
  `total` double(15,0) NOT NULL DEFAULT '0',
  `created_by` int(11) DEFAULT NULL,
  `created_at` timestamp NOT NULL DEFAULT CURRENT_TIMESTAMP,
  `updated_by` int(11) DEFAULT NULL,
  `updated_at` timestamp NULL DEFAULT NULL ON UPDATE CURRENT_TIMESTAMP,
  PRIMARY KEY (`id`),
  KEY `fk_rab_pengajuan_user1` (`id_user`),
  CONSTRAINT `fk_rab_pengajuan_user1` FOREIGN KEY (`id_user`) REFERENCES `user` (`id_user`)
) ENGINE=InnoDB AUTO_INCREMENT=3 DEFAULT CHARSET=utf8;

-- Dumping data for table keuanganrab.rab_pengajuan: ~2 rows (approximately)
REPLACE INTO `rab_pengajuan` (`id`, `id_user`, `ta`, `status`, `total`, `created_by`, `created_at`, `updated_by`, `updated_at`) VALUES
	(1, 7, '2021-2022', '0', 0, NULL, '2022-06-14 06:15:44', NULL, NULL),
	(2, 6, '2021-2022', '0', 404552000, NULL, '2022-06-14 06:15:44', NULL, NULL);

-- Dumping structure for table keuanganrab.ref_coa_grup
DROP TABLE IF EXISTS `ref_coa_grup`;
CREATE TABLE IF NOT EXISTS `ref_coa_grup` (
  `id` int(11) NOT NULL,
  `prefix` varchar(3) NOT NULL,
  `nama` varchar(100) DEFAULT NULL,
  `created_at` timestamp NOT NULL DEFAULT CURRENT_TIMESTAMP,
  `created_by` int(11) DEFAULT NULL,
  `updated_at` timestamp NULL DEFAULT NULL ON UPDATE CURRENT_TIMESTAMP,
  `updated_by` int(11) DEFAULT NULL,
  PRIMARY KEY (`id`),
  UNIQUE KEY `prefix` (`prefix`)
) ENGINE=InnoDB DEFAULT CHARSET=utf8 ROW_FORMAT=DYNAMIC;

-- Dumping data for table keuanganrab.ref_coa_grup: ~13 rows (approximately)
REPLACE INTO `ref_coa_grup` (`id`, `prefix`, `nama`, `created_at`, `created_by`, `updated_at`, `updated_by`) VALUES
	(1, '11', 'AKTIVA', '2022-06-09 00:55:37', 1, '2022-10-28 07:29:48', 1),
	(2, '12', 'HUTANG', '2022-06-09 00:56:17', 1, '2022-06-09 00:57:54', 1),
	(3, '13', 'SEWA BAYAR DIMUKA', '2022-06-09 00:56:17', 1, '2022-06-09 00:57:55', 1),
	(4, '14', 'PERSEDIAAN', '2022-06-09 00:56:18', 1, '2022-06-09 00:57:55', 1),
	(5, '15', 'AKTIVA TETAP', '2022-06-09 00:56:40', 1, '2022-06-09 00:57:55', 1),
	(6, '16', 'AKTIVA TAK BERWUJUD', '2022-06-09 00:57:26', 1, '2022-06-09 00:57:55', 1),
	(7, '21', 'UTANG USAHA', '2022-06-09 00:57:26', 1, '2022-06-09 00:57:56', 1),
	(8, '22', 'UTANG PIHAK 3', '2022-06-09 00:57:27', 1, '2022-06-09 00:57:56', 1),
	(9, '51', 'BEBAN HPP', '2022-06-09 00:57:27', 1, '2022-06-09 00:57:56', 1),
	(10, '31', 'MODAL', '2022-08-01 01:38:30', 1, '2022-08-01 01:39:41', 1),
	(11, '41', 'PENDAPATAN', '2022-08-01 01:38:30', 1, '2022-08-01 01:39:41', 1),
	(13, '52', 'BEBAN OPERASIONAL', '2022-08-01 01:38:30', 1, '2022-08-01 01:39:41', 1),
	(14, '53', 'LAINNYA', '2022-08-01 01:38:30', 1, '2022-08-01 01:39:41', 1);

-- Dumping structure for table keuanganrab.ref_fakultas
DROP TABLE IF EXISTS `ref_fakultas`;
CREATE TABLE IF NOT EXISTS `ref_fakultas` (
  `id_fakultas` int(11) NOT NULL AUTO_INCREMENT,
  `kode_fak` varchar(20) NOT NULL,
  `id_perguruan_tinggi` int(11) DEFAULT NULL,
  `nama_resmi` varchar(60) NOT NULL,
  `nama_pendek` varchar(12) NOT NULL,
  `nama_inggris` varchar(60) NOT NULL,
  `alamat` varchar(255) DEFAULT NULL,
  `kota` varchar(20) NOT NULL,
  `kode_pos` varchar(10) NOT NULL,
  `no_telp` varchar(40) DEFAULT NULL,
  `no_fax` varchar(40) DEFAULT NULL,
  `email` varchar(40) DEFAULT NULL,
  `website` varchar(100) DEFAULT NULL,
  `catatan` mediumtext,
  `id_user` int(11) DEFAULT NULL,
  `is_active` enum('1','0') NOT NULL DEFAULT '0',
  `created_by` int(11) DEFAULT NULL,
  `created_at` timestamp NOT NULL DEFAULT CURRENT_TIMESTAMP,
  `updated_by` int(11) DEFAULT NULL,
  `updated_at` timestamp NULL DEFAULT NULL ON UPDATE CURRENT_TIMESTAMP,
  PRIMARY KEY (`id_fakultas`) USING BTREE,
  UNIQUE KEY `Index 3` (`kode_fak`),
  KEY `FK_ref_fakultas_ref_perguruan_tinggi` (`id_perguruan_tinggi`),
  CONSTRAINT `FK_ref_fakultas_ref_perguruan_tinggi` FOREIGN KEY (`id_perguruan_tinggi`) REFERENCES `ref_perguruan_tinggi` (`id_perguruan_tinggi`) ON UPDATE CASCADE
) ENGINE=InnoDB AUTO_INCREMENT=2 DEFAULT CHARSET=utf8 ROW_FORMAT=COMPACT;

-- Dumping data for table keuanganrab.ref_fakultas: ~0 rows (approximately)
REPLACE INTO `ref_fakultas` (`id_fakultas`, `kode_fak`, `id_perguruan_tinggi`, `nama_resmi`, `nama_pendek`, `nama_inggris`, `alamat`, `kota`, `kode_pos`, `no_telp`, `no_fax`, `email`, `website`, `catatan`, `id_user`, `is_active`, `created_by`, `created_at`, `updated_by`, `updated_at`) VALUES
	(1, 'YOMA1', 1, 'Fakultas Sains dan Teknologi', 'FST', 'Faculty of Science and Technology', 'Jl. S. Supriadi No.22, Sukun, Kec. Sukun, Kota Malang, Jawa Timur Kode Pos: 65147', 'Malang', '65147', NULL, NULL, NULL, NULL, NULL, 4, '1', NULL, '2022-07-13 04:42:06', NULL, '2022-07-13 04:53:47');

-- Dumping structure for table keuanganrab.ref_jenjang_pendidikan
DROP TABLE IF EXISTS `ref_jenjang_pendidikan`;
CREATE TABLE IF NOT EXISTS `ref_jenjang_pendidikan` (
  `id_pendidikan` int(11) NOT NULL AUTO_INCREMENT,
  `nama_pendidikan` varchar(50) NOT NULL,
  `is_active` enum('1','0') NOT NULL DEFAULT '1',
  `created_by` int(11) DEFAULT NULL,
  `created_at` timestamp NOT NULL DEFAULT CURRENT_TIMESTAMP,
  `updated_by` int(11) DEFAULT NULL,
  `updated_at` timestamp NULL DEFAULT NULL ON UPDATE CURRENT_TIMESTAMP,
  PRIMARY KEY (`id_pendidikan`) USING BTREE
) ENGINE=InnoDB AUTO_INCREMENT=100 DEFAULT CHARSET=utf8 ROW_FORMAT=COMPACT;

-- Dumping data for table keuanganrab.ref_jenjang_pendidikan: ~25 rows (approximately)
REPLACE INTO `ref_jenjang_pendidikan` (`id_pendidikan`, `nama_pendidikan`, `is_active`, `created_by`, `created_at`, `updated_by`, `updated_at`) VALUES
	(1, 'Tidak Sekolah', '0', NULL, '2022-07-13 04:35:06', NULL, '2019-02-18 12:54:56'),
	(2, 'PAUD', '0', NULL, '2022-07-13 04:35:06', NULL, '2019-02-18 12:54:59'),
	(3, 'TK / Sederajat', '0', NULL, '2022-07-13 04:35:06', NULL, '2019-02-18 12:55:12'),
	(4, 'Putus SD', '0', NULL, '2022-07-13 04:35:06', NULL, '2019-02-18 12:55:21'),
	(5, 'SD / Sederajat', '0', NULL, '2022-07-13 04:35:06', NULL, '2019-02-18 12:55:36'),
	(6, 'SMP / Sederajat', '0', NULL, '2022-07-13 04:35:06', NULL, '2019-02-18 12:55:45'),
	(7, 'SMA / Sederajat', '0', NULL, '2022-07-13 04:35:06', NULL, '2019-02-18 12:56:01'),
	(8, 'Paket A', '0', NULL, '2022-07-13 04:35:06', NULL, '2019-02-18 12:56:06'),
	(9, 'Paket B', '0', NULL, '2022-07-13 04:35:06', NULL, '2019-02-18 12:56:10'),
	(10, 'Paket C', '0', NULL, '2022-07-13 04:35:06', NULL, '2019-02-18 12:56:22'),
	(20, 'D1', '0', NULL, '2022-07-13 04:35:06', NULL, '2019-04-21 07:21:37'),
	(21, 'D2', '0', NULL, '2022-07-13 04:35:06', NULL, '2019-04-21 07:21:28'),
	(22, 'D3', '1', NULL, '2022-07-13 04:35:06', NULL, '2019-04-21 07:21:19'),
	(23, 'D4', '1', NULL, '2022-07-13 04:35:06', NULL, '2019-04-21 07:21:08'),
	(30, 'S1', '1', NULL, '2022-07-13 04:35:06', NULL, '2019-04-21 07:19:51'),
	(31, 'Profesi', '1', NULL, '2022-07-13 04:35:06', NULL, '2022-07-13 04:36:53'),
	(32, 'Sp-1', '0', NULL, '2022-07-13 04:35:06', NULL, '2019-02-18 12:57:00'),
	(35, 'S2', '0', NULL, '2022-07-13 04:35:06', NULL, '2019-04-21 07:17:59'),
	(36, 'S2 Terapan', '0', NULL, '2022-07-13 04:35:06', NULL, '2019-02-18 12:57:24'),
	(37, 'SP-2', '0', NULL, '2022-07-13 04:35:06', NULL, '2019-02-18 12:57:20'),
	(40, 'S3', '0', NULL, '2022-07-13 04:35:06', NULL, '2019-04-21 07:12:53'),
	(41, 'S3 Terapan', '0', NULL, '2022-07-13 04:35:06', NULL, '2019-02-18 12:57:50'),
	(90, 'Non Formal', '0', NULL, '2022-07-13 04:35:06', NULL, '2019-02-18 12:57:54'),
	(91, 'Informal', '0', NULL, '2022-07-13 04:35:06', NULL, '2019-02-18 12:58:05'),
	(99, 'Lainya', '1', NULL, '2022-07-13 04:35:06', NULL, '2019-02-18 12:58:09');

-- Dumping structure for table keuanganrab.ref_perguruan_tinggi
DROP TABLE IF EXISTS `ref_perguruan_tinggi`;
CREATE TABLE IF NOT EXISTS `ref_perguruan_tinggi` (
  `id_perguruan_tinggi` int(11) NOT NULL,
  `kode_pd_dikti` varchar(20) DEFAULT NULL,
  `nama_resmi` varchar(60) NOT NULL,
  `nama_pendek` varchar(12) NOT NULL,
  `nama_inggris` varchar(60) NOT NULL,
  `alamat` varchar(255) DEFAULT NULL,
  `kota` varchar(20) NOT NULL,
  `kode_pos` varchar(10) NOT NULL,
  `no_telp` varchar(40) DEFAULT NULL,
  `no_fax` varchar(40) DEFAULT NULL,
  `email` varchar(40) DEFAULT NULL,
  `website` varchar(100) DEFAULT NULL,
  `tgl_sk_pendirian` date DEFAULT NULL,
  `no_sk_pendirian` varchar(30) DEFAULT NULL,
  `tgl_awal_pendirian` date DEFAULT NULL,
  `catatan` text,
  `is_paket` enum('0','1') NOT NULL DEFAULT '1',
  `id_user` int(11) DEFAULT NULL,
  `url_logo` varchar(255) DEFAULT NULL,
  `is_active` enum('1','0') NOT NULL DEFAULT '1',
  `created_by` int(11) DEFAULT NULL,
  `created_at` timestamp NOT NULL DEFAULT CURRENT_TIMESTAMP,
  `updated_by` int(11) DEFAULT NULL,
  `updated_at` timestamp NULL DEFAULT NULL ON UPDATE CURRENT_TIMESTAMP,
  PRIMARY KEY (`id_perguruan_tinggi`) USING BTREE
) ENGINE=InnoDB DEFAULT CHARSET=utf8;

-- Dumping data for table keuanganrab.ref_perguruan_tinggi: ~0 rows (approximately)
REPLACE INTO `ref_perguruan_tinggi` (`id_perguruan_tinggi`, `kode_pd_dikti`, `nama_resmi`, `nama_pendek`, `nama_inggris`, `alamat`, `kota`, `kode_pos`, `no_telp`, `no_fax`, `email`, `website`, `tgl_sk_pendirian`, `no_sk_pendirian`, `tgl_awal_pendirian`, `catatan`, `is_paket`, `id_user`, `url_logo`, `is_active`, `created_by`, `created_at`, `updated_by`, `updated_at`) VALUES
	(1, NULL, 'ITSK RST dr. Soepraoen', 'ITSK', '', 'Jl. S. Supriadi No.22, Sukun, Kec. Sukun, Kota Malang, Jawa Timur Kode Pos: 65147', 'Malang', '65147', '0341-351275', NULL, NULL, 'https://itsk-soepraoen.ac.id', NULL, NULL, NULL, NULL, '1', NULL, NULL, '1', 1, '2022-06-14 06:16:00', NULL, '2022-07-02 11:41:14');

-- Dumping structure for table keuanganrab.ref_program_studi
DROP TABLE IF EXISTS `ref_program_studi`;
CREATE TABLE IF NOT EXISTS `ref_program_studi` (
  `id_prodi` int(11) NOT NULL AUTO_INCREMENT,
  `kode` varchar(5) NOT NULL,
  `nama_resmi` varchar(60) NOT NULL,
  `nama_pendek` varchar(12) DEFAULT NULL,
  `nama_inggris` varchar(60) DEFAULT NULL,
  `id_prodi_pd_dikti` varchar(60) DEFAULT NULL,
  `kode_ps_pd_dikti` varchar(10) DEFAULT NULL,
  `kode_jurusan` varchar(10) DEFAULT NULL,
  `id_fakultas` int(11) DEFAULT NULL,
  `id_jenjang_pendidikan` int(11) NOT NULL,
  `alamat` varchar(255) DEFAULT NULL,
  `kota` varchar(20) DEFAULT NULL,
  `kode_pos` varchar(10) DEFAULT NULL,
  `no_telp` varchar(40) DEFAULT NULL,
  `no_fax` varchar(40) DEFAULT NULL,
  `email` varchar(40) DEFAULT NULL,
  `website` varchar(100) DEFAULT NULL,
  `catatan` text,
  `id_user` int(11) DEFAULT NULL,
  `is_active` enum('1','0') NOT NULL DEFAULT '1',
  `created_by` int(11) DEFAULT NULL,
  `created_at` timestamp NULL DEFAULT CURRENT_TIMESTAMP,
  `updated_by` int(11) DEFAULT NULL,
  `updated_at` timestamp NULL DEFAULT NULL ON UPDATE CURRENT_TIMESTAMP,
  PRIMARY KEY (`id_prodi`) USING BTREE,
  UNIQUE KEY `kode` (`kode`)
) ENGINE=InnoDB AUTO_INCREMENT=13 DEFAULT CHARSET=utf8;

-- Dumping data for table keuanganrab.ref_program_studi: ~12 rows (approximately)
REPLACE INTO `ref_program_studi` (`id_prodi`, `kode`, `nama_resmi`, `nama_pendek`, `nama_inggris`, `id_prodi_pd_dikti`, `kode_ps_pd_dikti`, `kode_jurusan`, `id_fakultas`, `id_jenjang_pendidikan`, `alamat`, `kota`, `kode_pos`, `no_telp`, `no_fax`, `email`, `website`, `catatan`, `id_user`, `is_active`, `created_by`, `created_at`, `updated_by`, `updated_at`) VALUES
	(1, '01', 'D3 KEPERAWATAN', NULL, NULL, NULL, NULL, NULL, 1, 22, NULL, NULL, NULL, NULL, NULL, NULL, NULL, NULL, NULL, '1', NULL, '2022-07-13 04:46:56', NULL, '2022-07-13 04:57:41'),
	(2, '02', 'D3 KEBIDANAN', NULL, NULL, NULL, NULL, NULL, 1, 22, NULL, NULL, NULL, NULL, NULL, NULL, NULL, NULL, NULL, '1', NULL, '2022-07-13 04:48:14', NULL, '2022-07-13 04:57:44'),
	(3, '03', 'D3 AKUPUNKTUR', NULL, NULL, NULL, NULL, NULL, 1, 22, NULL, NULL, NULL, NULL, NULL, NULL, NULL, NULL, NULL, '1', NULL, '2022-07-13 04:48:35', NULL, '2022-07-13 04:57:45'),
	(4, '04', 'D3 FARMASI', NULL, NULL, NULL, NULL, NULL, 1, 22, NULL, NULL, NULL, NULL, NULL, NULL, NULL, NULL, NULL, '1', NULL, '2022-07-13 04:48:48', NULL, '2022-07-13 04:57:46'),
	(5, '05', 'D3 REKAM MEDIS', NULL, NULL, NULL, NULL, NULL, 1, 22, NULL, NULL, NULL, NULL, NULL, NULL, NULL, NULL, NULL, '1', NULL, '2022-07-13 04:49:05', NULL, '2022-07-13 04:57:47'),
	(6, '06', 'S1 FARMASI KLINIS', NULL, NULL, NULL, NULL, NULL, 1, 30, NULL, NULL, NULL, NULL, NULL, NULL, NULL, NULL, NULL, '1', NULL, '2022-07-13 04:49:31', NULL, '2022-07-13 04:57:48'),
	(7, '07', 'S1 INFORMATIKA', NULL, NULL, NULL, NULL, NULL, 1, 30, NULL, NULL, NULL, NULL, NULL, NULL, NULL, NULL, NULL, '1', NULL, '2022-07-13 04:49:51', NULL, '2022-07-13 04:57:49'),
	(8, '08', 'S1 FISIOTERAPI', NULL, NULL, NULL, NULL, NULL, 1, 30, NULL, NULL, NULL, NULL, NULL, NULL, NULL, NULL, NULL, '1', NULL, '2022-07-13 04:50:05', NULL, '2022-07-13 04:57:49'),
	(9, '09', 'S1 KEPERAWATAN', NULL, NULL, NULL, NULL, NULL, 1, 30, NULL, NULL, NULL, NULL, NULL, NULL, NULL, NULL, NULL, '1', NULL, '2022-07-13 04:50:24', NULL, '2022-07-13 04:57:50'),
	(10, '10', 'D4 STR KEBIDANAN', NULL, NULL, NULL, NULL, NULL, 1, 23, NULL, NULL, NULL, NULL, NULL, NULL, NULL, NULL, NULL, '1', NULL, '2022-07-13 04:50:45', NULL, '2022-07-13 04:57:51'),
	(11, '11', 'PROFESI BIDAN', NULL, NULL, NULL, NULL, NULL, 1, 31, NULL, NULL, NULL, NULL, NULL, NULL, NULL, NULL, NULL, '1', NULL, '2022-07-13 04:51:01', NULL, '2022-07-13 04:57:52'),
	(12, '12', 'S1 ANASTIOLOGI', NULL, NULL, NULL, NULL, NULL, 1, 30, NULL, NULL, NULL, NULL, NULL, NULL, NULL, NULL, NULL, '1', NULL, '2022-07-13 04:51:20', NULL, '2022-07-13 04:57:53');

-- Dumping structure for table keuanganrab.salesman
DROP TABLE IF EXISTS `salesman`;
CREATE TABLE IF NOT EXISTS `salesman` (
  `n_sales` varchar(15) NOT NULL,
  `nama` varchar(60) NOT NULL,
  `alamat` text,
  `telepon` varchar(15) DEFAULT NULL,
  `created_by` int(11) DEFAULT NULL,
  `created_at` timestamp NULL DEFAULT CURRENT_TIMESTAMP,
  `updated_by` int(11) DEFAULT NULL,
  `updated_at` timestamp NULL DEFAULT NULL ON UPDATE CURRENT_TIMESTAMP,
  `is_active` enum('1','0') NOT NULL DEFAULT '1',
  PRIMARY KEY (`n_sales`)
) ENGINE=InnoDB DEFAULT CHARSET=utf8;

-- Dumping data for table keuanganrab.salesman: ~4 rows (approximately)
REPLACE INTO `salesman` (`n_sales`, `nama`, `alamat`, `telepon`, `created_by`, `created_at`, `updated_by`, `updated_at`, `is_active`) VALUES
	('SAL000001', 'ARKATAMA SALES', 'MERTOJOYO SELATAN', '081239230422', 1, '2022-11-25 03:28:16', NULL, NULL, '1');

-- Dumping structure for table keuanganrab.stockopname
DROP TABLE IF EXISTS `stockopname`;
CREATE TABLE IF NOT EXISTS `stockopname` (
  `n_barang` varchar(15) NOT NULL,
  `tanggal` date DEFAULT NULL,
  `gudang_komputer` int(11) DEFAULT NULL,
  `gudang_fisik` int(11) DEFAULT NULL,
  `etalase_komputer` int(11) DEFAULT NULL,
  `etalase_fisik` int(11) DEFAULT NULL,
  `gudang_mobile` int(11) DEFAULT NULL,
  `etalase_mobile` int(11) DEFAULT NULL,
  `satuan` varchar(20) DEFAULT NULL,
  `hpp` double(15,2) DEFAULT '0.00',
  `debet` double(15,2) DEFAULT '0.00',
  `kredit` double(15,2) DEFAULT '0.00',
  `created_by` int(11) DEFAULT NULL,
  `created_at` timestamp NULL DEFAULT CURRENT_TIMESTAMP,
  `updated_by` int(11) DEFAULT NULL,
  `updated_at` timestamp NULL DEFAULT NULL ON UPDATE CURRENT_TIMESTAMP
) ENGINE=InnoDB DEFAULT CHARSET=utf8;

-- Dumping data for table keuanganrab.stockopname: ~0 rows (approximately)

-- Dumping structure for table keuanganrab.system_settings
DROP TABLE IF EXISTS `system_settings`;
CREATE TABLE IF NOT EXISTS `system_settings` (
  `id` int(10) unsigned NOT NULL AUTO_INCREMENT,
  `name` varchar(100) NOT NULL,
  `type` enum('STRING','INT','TEXT') NOT NULL DEFAULT 'STRING',
  `value` text NOT NULL,
  `group` enum('TOKEN','GENERAL') DEFAULT 'GENERAL',
  `description` varchar(100) DEFAULT NULL,
  `is_active` enum('1','0') NOT NULL DEFAULT '1',
  `created_by` int(11) DEFAULT '1',
  `created_at` timestamp NOT NULL DEFAULT CURRENT_TIMESTAMP,
  `updated_by` int(11) DEFAULT NULL,
  `updated_at` timestamp NULL DEFAULT NULL ON UPDATE CURRENT_TIMESTAMP,
  PRIMARY KEY (`id`) USING BTREE,
  UNIQUE KEY `system_settings_UN` (`name`) USING BTREE
) ENGINE=InnoDB AUTO_INCREMENT=9 DEFAULT CHARSET=utf8;

-- Dumping data for table keuanganrab.system_settings: ~8 rows (approximately)
REPLACE INTO `system_settings` (`id`, `name`, `type`, `value`, `group`, `description`, `is_active`, `created_by`, `created_at`, `updated_by`, `updated_at`) VALUES
	(1, 'instansi_nama', 'STRING', 'Institut Teknologi Sains Kesehatan RS dr. Soepraoen Malang', 'GENERAL', 'Nama Organisasi atau perusahaan', '1', 1, '2022-07-10 11:25:34', NULL, '2022-07-13 03:48:45'),
	(2, 'instansi_alamat', 'STRING', 'Jl. S. Supriadi No.22, Sukun, Kec. Sukun, Kota Malang, Jawa Timur', 'GENERAL', 'Alamat organisasi', '1', 1, '2022-07-10 11:27:35', NULL, '2022-07-13 03:48:56'),
	(3, 'instansi_telp', 'STRING', ' 0341-351275', 'GENERAL', 'Kontak Organisai', '1', 1, '2022-07-10 11:29:07', NULL, '2022-07-13 03:49:07'),
	(4, 'ds_api_key', 'STRING', 'e1a87e27-d6fc-49f6-b043-10ec7bc5403c', 'GENERAL', 'Api key', '1', 1, '2022-06-16 11:47:46', NULL, '2022-10-22 01:26:28'),
	(5, 'ds_url_getqr', 'STRING', 'https://api.dripsender.id/get-qr', 'GENERAL', NULL, '1', 1, '2022-06-16 11:46:40', NULL, '2022-07-10 11:27:04'),
	(6, 'ds_url_send', 'STRING', 'https://api.dripsender.id/send', 'GENERAL', 'Url untuk mengirim pesan wa via drip sender', '1', 1, '2022-06-16 11:46:40', 1, '2022-07-10 11:26:58'),
	(7, 'ds_url_connect', 'STRING', 'https://api.dripsender.id/connect', 'GENERAL', NULL, '1', 1, '2022-06-16 11:46:40', NULL, '2022-07-10 11:29:40'),
	(8, 'coa_laba', 'STRING', '3101', 'GENERAL', 'Laba', '1', 1, '2022-09-05 01:56:40', NULL, '2022-09-05 01:57:54');

-- Dumping structure for table keuanganrab.user
DROP TABLE IF EXISTS `user`;
CREATE TABLE IF NOT EXISTS `user` (
  `id_user` int(11) NOT NULL AUTO_INCREMENT,
  `username` varchar(30) NOT NULL,
  `id_nama_pt` int(11) DEFAULT '1',
  `email` varchar(100) DEFAULT NULL,
  `real_name` varchar(100) DEFAULT NULL,
  `id_group` int(11) NOT NULL,
  `password` varchar(64) NOT NULL,
  `image` tinytext,
  `is_active` enum('1','0') NOT NULL DEFAULT '1',
  `last_login_time` timestamp NULL DEFAULT NULL,
  `created_by` int(11) DEFAULT NULL,
  `created_at` timestamp NULL DEFAULT CURRENT_TIMESTAMP,
  `updated_by` int(11) DEFAULT NULL,
  `updated_at` timestamp NULL DEFAULT NULL ON UPDATE CURRENT_TIMESTAMP,
  PRIMARY KEY (`id_user`) USING BTREE,
  KEY `FK_user_user_group` (`id_group`),
  CONSTRAINT `FK_user_user_group` FOREIGN KEY (`id_group`) REFERENCES `user_group` (`id_group`) ON UPDATE CASCADE
) ENGINE=InnoDB AUTO_INCREMENT=8 DEFAULT CHARSET=utf8;

-- Dumping data for table keuanganrab.user: ~7 rows (approximately)
REPLACE INTO `user` (`id_user`, `username`, `id_nama_pt`, `email`, `real_name`, `id_group`, `password`, `image`, `is_active`, `last_login_time`, `created_by`, `created_at`, `updated_by`, `updated_at`) VALUES
	(1, 'uadmin', 1, 'admin@gmail.com', 'Administrator', 1, '5994471abb01112afcc18159f6cc74b4f511b99806da59b3caf5a9c173cacfc5', '/public/uploads/user/user_220626105659.jpeg', '1', '2022-11-25 04:19:33', NULL, '2022-06-14 06:16:30', NULL, '2022-11-25 04:19:33'),
	(2, 'rektor', 1, 'rektor@gmail.com', 'Rektor ITSK', 2, '5994471abb01112afcc18159f6cc74b4f511b99806da59b3caf5a9c173cacfc5', '/public/uploads/user/user_220626110437.jpeg', '1', '2022-07-18 18:24:56', NULL, '2022-06-14 06:16:30', 1, '2022-07-19 01:24:56'),
	(3, 'warek', 1, 'warek@gmail.com', 'Wakil Rektor ITSK', 3, '5994471abb01112afcc18159f6cc74b4f511b99806da59b3caf5a9c173cacfc5', NULL, '1', NULL, NULL, '2022-06-14 06:16:30', NULL, '2022-06-20 06:34:40'),
	(4, 'kabagkeu', 1, 'kabagkeu@gmail.com', 'Kabag Keuangan ITSK', 4, '5994471abb01112afcc18159f6cc74b4f511b99806da59b3caf5a9c173cacfc5', NULL, '1', NULL, NULL, '2022-06-14 06:16:30', NULL, '2022-06-20 06:34:41'),
	(5, 'bendahara', 1, 'bendahara@gmail.com', 'Bendahara ITSK', 5, '5994471abb01112afcc18159f6cc74b4f511b99806da59b3caf5a9c173cacfc5', NULL, '1', NULL, NULL, '2022-06-14 06:16:30', NULL, '2022-06-20 06:34:42'),
	(6, 'upti', 1, 'upti@gmail.com', 'UPTI ITSK', 6, '5994471abb01112afcc18159f6cc74b4f511b99806da59b3caf5a9c173cacfc5', '/public/uploads/user/user_220626110240.jpeg', '1', '2022-07-18 18:24:34', NULL, '2022-06-14 06:16:30', NULL, '2022-07-19 01:24:34'),
	(7, 'informatika', 1, 'informatika@gmail.com', 'Prodi Informatika ITSK', 6, '5994471abb01112afcc18159f6cc74b4f511b99806da59b3caf5a9c173cacfc5', '/public/uploads/user/user_220626110056.jpeg', '1', '2022-07-02 05:04:44', NULL, '2022-06-14 06:16:30', NULL, '2022-07-02 12:04:44');

-- Dumping structure for table keuanganrab.user_group
DROP TABLE IF EXISTS `user_group`;
CREATE TABLE IF NOT EXISTS `user_group` (
  `id_group` int(11) NOT NULL AUTO_INCREMENT,
  `nama_group` varchar(20) NOT NULL,
  `keterangan` varchar(255) DEFAULT NULL,
  `dbusername` varchar(20) NOT NULL,
  `is_active` enum('1','0') NOT NULL DEFAULT '1',
  PRIMARY KEY (`id_group`) USING BTREE,
  UNIQUE KEY `Index 2` (`nama_group`)
) ENGINE=InnoDB AUTO_INCREMENT=7 DEFAULT CHARSET=utf8;

-- Dumping data for table keuanganrab.user_group: ~6 rows (approximately)
REPLACE INTO `user_group` (`id_group`, `nama_group`, `keterangan`, `dbusername`, `is_active`) VALUES
	(1, 'Administrator', NULL, '', '1'),
	(2, 'Rektor', NULL, '', '1'),
	(3, 'Wakil Rektor II', NULL, '', '1'),
	(4, 'Kabag Keuangan', NULL, '', '1'),
	(5, 'Admin Keuangan', NULL, '', '1'),
	(6, 'Unit/Prodi/Fakultas', NULL, '', '1');

/*!40103 SET TIME_ZONE=IFNULL(@OLD_TIME_ZONE, 'system') */;
/*!40101 SET SQL_MODE=IFNULL(@OLD_SQL_MODE, '') */;
/*!40014 SET FOREIGN_KEY_CHECKS=IFNULL(@OLD_FOREIGN_KEY_CHECKS, 1) */;
/*!40101 SET CHARACTER_SET_CLIENT=@OLD_CHARACTER_SET_CLIENT */;
/*!40111 SET SQL_NOTES=IFNULL(@OLD_SQL_NOTES, 1) */;
